,LATITUDE,LONGITUDE,DATE,TIME,YEAR,ACCIDENT LANE,District,INTERSECTION,VISIBILITY,LIGHT,VICTIM,VICTIM AGE,VEHTYPE,DRIVACT,PEDESTRIAN,CYCLIST,AUTOMOBILE,MOTORCYCLE,TRUCK,SPEEDING,REDLIGHT,ALCOHOL,Neighbourh,ObjectId,Cause
0,43.816245,-79.22759,2012-01-12T05:00:00.000Z,558,2012,Minor Arterial,Scarborough,Intersection,Rain,"Dark, artificial",Pedestrian,40 to 44,Other, ,Yes, ,Yes, , , , , ,Malvern (132),1,Rain
1,43.637614,-79.447742,2013-11-29T05:00:00.000Z,558,2013,Major Arterial,Toronto and East York,Mid-Block,Clear,"Dawn, artificial",Driver,25 to 29,"Automobile, Station Wagon",Lost control, , ,Yes, , ,Yes, , ,South Parkdale (85),2,Speeding
2,43.716772999999996,-79.259883,2018-06-14T04:00:00.000Z,558,2018,Major Arterial,Scarborough,Intersection,Clear,Daylight,Motorcycle Driver,55 to 59,Motorcycle,Driving Properly, , ,Yes,Yes, , , , ,Clairlea-Birchmount (120),3,Unknown
3,43.821345,-79.31689,2010-04-13T04:00:00.000Z,559,2010,Major Arterial,Scarborough,Intersection,Clear,Dawn,Passenger,70 to 74,Other, , , ,Yes, , , ,Yes, ,Steeles (116),4,Unknown
4,43.728128999999996,-79.574641,2014-11-09T05:00:00.000Z,559,2014,Major Arterial,Etobicoke York,Intersection,Clear,"Dark, artificial",Passenger,20 to 24, , , , ,Yes, , , ,Yes, ,Rexdale-Kipling (4),5,Unknown
5,43.758047999999995,-79.51343100000001,2014-11-21T05:00:00.000Z,600,2014,Major Arterial,Etobicoke York,Intersection,Clear,"Dawn, artificial",Pedestrian,60 to 64, , ,Yes, ,Yes, , , , , ,Glenfield-Jane Heights (25),6,Unknown
6,43.801421000000005,-79.263774,2015-11-24T05:00:00.000Z,603,2015,Major Arterial,Scarborough,Intersection,Snow,Dark,Pedestrian,25 to 29, , ,Yes, ,Yes, , ,Yes,Yes, ,Agincourt North (129),7,Speeding
7,43.652745,-79.43739000000001,2011-08-16T04:00:00.000Z,606,2011,Laneway,Toronto and East York,"Park, Private Property, Public Lane",Clear,Daylight,Driver,55 to 59,"Automobile, Station Wagon",Other, , ,Yes, , , , , ,Dufferin Grove (83),8,Unknown
8,43.699228999999995,-79.58712299999999,2014-05-21T04:00:00.000Z,610,2014,Major Arterial,Etobicoke York,Intersection,Clear,Daylight,Driver,40 to 44,"Automobile, Station Wagon",Driving Properly, , ,Yes, , , , , ,West Humber-Clairville (1),9,Unknown
9,43.664164,-79.326206,2015-09-18T04:00:00.000Z,610,2015,Minor Arterial,Toronto and East York,Intersection,Clear,Dark,Motorcycle Driver,35 to 39,Motorcycle,Lost control, , , ,Yes, , , , ,Greenwood-Coxwell (65),10,Lost control
10,43.640547,-79.423999,2013-06-16T04:00:00.000Z,616,2013,Local,Toronto and East York,Mid-Block,Rain,Daylight,Driver,40 to 44,"Automobile, Station Wagon",Other, , ,Yes, , , , , ,South Parkdale (85),11,Rain
11,43.765433,-79.29131600000001,2015-01-28T05:00:00.000Z,617,2015,Major Arterial,Scarborough,Mid-Block,Clear,Dark,Pedestrian,55 to 59, , ,Yes, ,Yes, , , , , ,Dorset Park (126),12,Unknown
12,43.655387,-79.379863,2014-09-10T04:00:00.000Z,620,2014,Laneway,Toronto and East York,Mid-Block,Clear,"Dark, artificial",Pedestrian,25 to 29, , ,Yes, , , ,Yes, , , ,Church-Yonge Corridor (75),13,Unknown
13,43.805159,-79.20087,2015-10-06T04:00:00.000Z,621,2015,Major Arterial,Scarborough,Mid-Block,Clear,"Dawn, artificial",Driver,50 to 54,"Automobile, Station Wagon",Lost control, , ,Yes, , , , , ,Malvern (132),14,Lost control
14,43.637206,-79.469287,2018-10-01T04:00:00.000Z,622,2018,Major Arterial,Toronto and East York,Mid-Block,Clear,Dawn,Pedestrian,50 to 54, , ,Yes, , , , , , , ,High Park-Swansea (87),15,Unknown
15,43.675101,-79.394183,2018-12-22T05:00:00.000Z,623,2018,Major Arterial,Toronto and East York,Mid-Block,Clear,"Dawn, artificial",Pedestrian,50 to 54, , ,Yes, ,Yes, , ,Yes, , ,Annex (95),16,Speeding
16,43.702545,-79.27699,2009-11-24T05:00:00.000Z,630,2009,Minor Arterial,Scarborough,Intersection,Rain,Dark,Pedestrian,45 to 49,Other, ,Yes, ,Yes, , , , , ,Clairlea-Birchmount (120),17,Rain
17,43.645445,-79.39499,2011-10-21T04:00:00.000Z,630,2011,Major Arterial,Toronto and East York,Intersection,Clear,Dark,Pedestrian,25 to 29,Other, ,Yes, , , ,Yes, , , ,Waterfront Communities-The Island (77),18,Unknown
18,43.796763,-79.315753,2016-08-30T04:00:00.000Z,630,2016,Major Arterial,Scarborough,Intersection,Clear,Daylight,Passenger,25 to 29, , , , ,Yes, , , , , ,L'Amoreaux (117),19,Unknown
19,43.639189,-79.45055699999999,2015-09-24T04:00:00.000Z,636,2015,Major Arterial,Toronto and East York,Mid-Block,Clear,"Dark, artificial",Pedestrian,75 to 79, , ,Yes, ,Yes, , , , , ,High Park-Swansea (87),20,Unknown
20,43.746845,-79.44449,2009-12-24T05:00:00.000Z,640,2009,Local,North York,Intersection,Clear,Dark,Pedestrian,85 to 89,Other, ,Yes, ,Yes, , , , , ,Clanton Park (33),21,Unknown
21,43.671546,-79.448291,2012-11-23T05:00:00.000Z,643,2012,Minor Arterial,Toronto and East York,Intersection,Clear,"Dark, artificial",Cyclist,35 to 39,Bicycle, , ,Yes,Yes, , , ,Yes, ,Dovercourt-Wallace Emerson-Junction (93),22,Unknown
22,43.812129,-79.301936,2015-02-16T05:00:00.000Z,644,2015,Major Arterial,Scarborough,Intersection,Clear,Dawn,Pedestrian,65 to 69, , ,Yes, ,Yes, , , ,Yes, ,Milliken (130),23,Unknown
23,43.689231,-79.332736,2015-03-10T04:00:00.000Z,645,2015,Minor Arterial,Toronto and East York,Intersection,Clear,"Dawn, artificial",Pedestrian,85 to 89, , ,Yes, ,Yes, , , , , ,Danforth East York (59),24,Unknown
24,43.763327000000004,-79.291301,2018-11-09T05:00:00.000Z,650,2018,Major Arterial,Scarborough,Intersection,Snow,Daylight,Pedestrian,55 to 59, , ,Yes, ,Yes, , , , , ,Dorset Park (126),25,Snow
25,43.766535,-79.564769,2009-03-11T04:00:00.000Z,652,2009,Major Arterial,Etobicoke York,Intersection,Rain,Dark,Pedestrian,55 to 59,Other, ,Yes, , , ,Yes, , , ,Humber Summit (21),26,Rain
26,43.714145,-79.45329,2012-11-01T04:00:00.000Z,652,2012,Major Arterial,North York,Mid-Block,Rain,Dark,Pedestrian,30 to 34,Other, ,Yes, ,Yes, , , , , ,Yorkdale-Glen Park (31),27,Rain
27,43.755641,-79.61288,2017-09-15T04:00:00.000Z,652,2017,Major Arterial,Etobicoke York,Mid-Block,Clear,Daylight,Passenger,55 to 59, , , , ,Yes, ,Yes,Yes, , ,West Humber-Clairville (1),28,Speeding
28,43.708445000000005,-79.39019,2010-01-18T05:00:00.000Z,655,2010,Major Arterial,Toronto and East York,Intersection,Clear,Dark,Pedestrian,60 to 64,Other, ,Yes, , , , , , , ,Mount Pleasant East (99),29,Unknown
29,43.691016,-79.450549,2016-06-22T04:00:00.000Z,655,2016,Local,Toronto and East York,Mid-Block,Clear,Daylight,Pedestrian,65 to 69, , ,Yes, ,Yes, , , , , ,Caledonia-Fairbank (109),30,Unknown
30,43.765745,-79.28109,2009-10-13T04:00:00.000Z,656,2009,Major Arterial,Scarborough,Intersection,Rain,Dawn,Passenger,35 to 39,Other, , , ,Yes, , , , , ,Dorset Park (126),31,Rain
31,43.691345,-79.44849,2010-01-20T05:00:00.000Z,700,2010,Major Arterial,Toronto and East York,Mid-Block,Clear,Dark,Pedestrian,50 to 54,Other, ,Yes, ,Yes, , , , , ,Caledonia-Fairbank (109),32,Unknown
32,43.781245,-79.43289,2010-07-31T04:00:00.000Z,700,2010,Collector,North York,Intersection,Clear,Daylight,Passenger,25 to 29,Other, , , ,Yes, , ,Yes, ,Yes,Newtonbrook West (36),33,Alcohol & Speeding
33,43.765898,-79.519672,2011-12-21T05:00:00.000Z,706,2011,Major Arterial,Etobicoke York,Intersection,Rain,"Dark, artificial",Pedestrian,25 to 29,Other, ,Yes, , , , , , , ,Black Creek (24),34,Rain
34,43.719565,-79.247051,2018-09-26T04:00:00.000Z,709,2018,Minor Arterial,Scarborough,Intersection,Clear,Daylight,Pedestrian,60 to 64, , ,Yes, ,Yes, , , ,Yes, ,Cliffcrest (123),35,Unknown
35,43.652507,-79.397853,2013-10-16T04:00:00.000Z,710,2013,Major Arterial,Toronto and East York,Mid-Block,Clear,Daylight,Cyclist,25 to 29,Bicycle, , ,Yes, , ,Yes, , , ,Kensington-Chinatown (78),36,Unknown
36,43.752669,-79.437747,2016-12-06T05:00:00.000Z,712,2016,Major Arterial,North York,Mid-Block,Clear,Daylight,Pedestrian,85 to 89, , ,Yes, ,Yes, , , , , ,Lansing-Westgate (38),37,Unknown
37,43.658221000000005,-79.37099,2017-07-31T04:00:00.000Z,713,2017,Major Arterial,Toronto and East York,Intersection,Clear,Daylight,Pedestrian,70 to 74, , ,Yes, ,Yes, , ,Yes, , ,Moss Park (73),38,Speeding
38,43.816945000000004,-79.22429,2009-10-23T04:00:00.000Z,715,2009,Minor Arterial,Scarborough,Intersection,Rain,Dark,Pedestrian,60 to 64,Other, ,Yes, ,Yes, , , , , ,Malvern (132),39,Rain
39,43.648974,-79.36725899999999,2017-01-03T05:00:00.000Z,717,2017,Minor Arterial,Toronto and East York,Intersection,Rain,Dark,Pedestrian,80 to 84, , ,Yes, ,Yes, , , , , ,Waterfront Communities-The Island (77),40,Rain
40,43.816846999999996,-79.33645200000001,2008-11-11T05:00:00.000Z,720,2008,Major Arterial,Scarborough,Intersection,Clear,Daylight,Pedestrian,55 to 59,Other, ,Yes, , , , , , , ,Steeles (116),41,Unknown
41,43.772868,-79.166332,2013-11-08T05:00:00.000Z,725,2013,Minor Arterial,Scarborough,Intersection,Clear,Daylight,Pedestrian,25 to 29, , ,Yes, ,Yes, , , , , ,West Hill (136),42,Unknown
42,43.65729,-79.509113,2014-03-06T05:00:00.000Z,735,2014,Collector,Etobicoke York,Intersection,Snow,Daylight,Driver,50 to 54,"Automobile, Station Wagon",Lost control, , ,Yes, , , , , ,Kingsway South (15),43,Lost control
43,43.623171,-79.481792,2015-09-03T04:00:00.000Z,736,2015,Major Arterial,Etobicoke York,Mid-Block,Clear,Daylight,Pedestrian,70 to 74, , ,Yes, , , ,Yes, , , ,Mimico (includes Humber Bay Shores) (17),44,Unknown
44,43.719645,-79.24709,2008-05-01T04:00:00.000Z,738,2008,Minor Arterial,Scarborough,Intersection,Clear,Daylight,Pedestrian,50 to 54,Other, ,Yes, , , ,Yes, , , ,Cliffcrest (123),45,Unknown
45,43.646245,-79.39819,2012-06-14T04:00:00.000Z,738,2012,Major Arterial,Toronto and East York,Intersection,Clear,Daylight,Pedestrian,30 to 34,Other, ,Yes, ,Yes, , , , , ,Waterfront Communities-The Island (77),46,Unknown
46,43.638445000000004,-79.39219,2010-11-19T05:00:00.000Z,744,2010,Expressway,Toronto and East York,Intersection,Clear,Daylight,Cyclist,60 to 64,Bicycle, , ,Yes, , , , , , ,Waterfront Communities-The Island (77),47,Unknown
47,43.671345,-79.39019,2008-05-30T04:00:00.000Z,746,2008,Major Arterial,Toronto and East York,Intersection,Clear,Daylight,Pedestrian,70 to 74,Other, ,Yes, ,Yes, , , , , ,Annex (95),48,Unknown
48,43.782345,-79.29219,2012-12-20T05:00:00.000Z,748,2012,Major Arterial,Scarborough,Mid-Block,Clear,Daylight,Pedestrian,65 to 69,Other, ,Yes, ,Yes, , , , , ,Tam O'Shanter-Sullivan (118),49,Unknown
49,43.651801,-79.43634300000001,2015-01-25T05:00:00.000Z,756,2015,Minor Arterial,Toronto and East York,Intersection,Clear,Daylight,Pedestrian,55 to 59, , ,Yes, ,Yes, , , , , ,Little Portugal (84),50,Unknown
50,43.696154,-79.532726,2013-08-19T04:00:00.000Z,759,2013,Minor Arterial,Etobicoke York,Intersection,Clear,Daylight,Driver,60 to 64,"Automobile, Station Wagon",Driving Properly, , ,Yes, , ,Yes,Yes, ,Humber Heights-Westmount (8),51,Speeding
51,43.753844,-79.49959100000001,2013-09-03T04:00:00.000Z,800,2013,Collector,Etobicoke York,Intersection,Clear,Daylight,Pedestrian,10 to 14, , ,Yes, , , ,Yes, , , ,York University Heights (27),52,Unknown
52,43.666098,-79.334277,2018-05-16T04:00:00.000Z,800,2018,Minor Arterial,Toronto and East York,Intersection,Clear,Daylight,Cyclist,50 to 54,Bicycle, , ,Yes, , ,Yes, , , ,South Riverdale (70),53,Unknown
53,43.821345,-79.31689,2012-05-07T04:00:00.000Z,801,2012,Major Arterial,Scarborough,Intersection,Clear,Daylight,Pedestrian,30 to 34,Other, ,Yes, ,Yes, , , , , ,Steeles (116),54,Unknown
54,43.697345,-79.49899,2008-09-10T04:00:00.000Z,806,2008,Minor Arterial,Etobicoke York,Intersection,Clear,Daylight,Cyclist,50 to 54,Bicycle, , ,Yes,Yes, , ,Yes, , ,Brookhaven-Amesbury (30),55,Speeding
55,43.777968,-79.211902,2014-11-04T05:00:00.000Z,807,2014,Minor Arterial,Scarborough,Mid-Block,Clear,Daylight,Driver,25 to 29,"Automobile, Station Wagon",Lost control, , ,Yes, , ,Yes, , ,Morningside (135),56,Speeding
56,43.663245,-79.37259,2012-08-25T04:00:00.000Z,810,2012,Minor Arterial,Toronto and East York,Mid-Block,Clear,Daylight,Pedestrian,60 to 64,Other, ,Yes, ,Yes, , , , , ,Moss Park (73),57,Unknown
57,43.77949,-79.304355,2016-11-14T05:00:00.000Z,814,2016,Major Arterial,Scarborough,Intersection,Clear,Daylight,Pedestrian,75 to 79, , ,Yes, ,Yes, , , , , ,Tam O'Shanter-Sullivan (118),58,Unknown
58,43.788645,-79.15869,2008-10-31T04:00:00.000Z,817,2008,Expressway,Scarborough,Mid-Block,Clear,Daylight,Driver,55 to 59,"Automobile, Station Wagon",Driving Properly, , ,Yes, , , , , ,Centennial Scarborough (133),59,Unknown
59,43.662445,-79.45589,2010-11-17T05:00:00.000Z,818,2010,Minor Arterial,Toronto and East York,Intersection,Rain,Daylight,Pedestrian,50 to 54,Other, ,Yes, , , ,Yes, , , ,High Park North (88),60,Rain
60,43.658744,-79.389987,2010-06-06T04:00:00.000Z,822,2010,Major Arterial,Toronto and East York,Intersection,Rain,Daylight,Pedestrian,40 to 44,Other, ,Yes, , , , , , , ,Bay Street Corridor (76),61,Rain
61,43.727645,-79.340846,2015-05-22T04:00:00.000Z,822,2015,Major Arterial,North York,Intersection,Clear,Daylight,Pedestrian,45 to 49, , ,Yes, ,Yes, , , , , ,Banbury-Don Mills (42),62,Unknown
62,43.679423,-79.382312,2015-05-19T04:00:00.000Z,823,2015,Collector,Toronto and East York,Intersection,Clear,"Daylight, artificial",Cyclist,75 to 79,Bicycle, , ,Yes,Yes, , , , , ,Rosedale-Moore Park (98),63,Unknown
63,43.699484999999996,-79.424945,2015-11-14T05:00:00.000Z,825,2015,Major Arterial,Toronto and East York,Mid-Block,Clear,Daylight,Pedestrian,85 to 89,"Automobile, Station Wagon", ,Yes, ,Yes, , , , , ,Forest Hill South (101),64,Unknown
64,43.675115999999996,-79.357845,2014-06-16T04:00:00.000Z,827,2014,Minor Arterial,Toronto and East York,Mid-Block,Rain,Daylight,Motorcycle Driver,45 to 49,Motorcycle,Driving Properly, , , ,Yes, , , , ,North Riverdale (68),65,Rain
65,43.627345,-79.56239000000001,2011-02-10T05:00:00.000Z,828,2011,Major Arterial,Etobicoke York,Intersection,Clear,Daylight,Pedestrian,55 to 59,Other, ,Yes, ,Yes, , , , , ,Markland Wood (12),66,Unknown
66,43.710745,-79.44449,2012-09-11T04:00:00.000Z,840,2012,Minor Arterial,North York,Intersection,Clear,Daylight,Motorcycle Driver,20 to 24,Motorcycle,Speed too Fast For Condition, , ,Yes,Yes, ,Yes, , ,Yorkdale-Glen Park (31),67,Speeding
67,43.621218,-79.560214,2017-11-02T04:00:00.000Z,840,2017,Minor Arterial,Etobicoke York,Mid-Block, ,Daylight,Driver,35 to 39,"Automobile, Station Wagon",Lost control, , ,Yes, , ,Yes, , ,Islington-City Centre West (14),68,Speeding
68,43.788577000000004,-79.44666600000001,2014-12-18T05:00:00.000Z,843,2014,Major Arterial,North York,Mid-Block,Clear,Daylight,Pedestrian,75 to 79, , ,Yes, ,Yes, , , , , ,Newtonbrook West (36),69,Unknown
69,43.792445,-79.44049,2009-11-17T05:00:00.000Z,845,2009,Collector,North York,Intersection,Clear,Daylight,Pedestrian,65 to 69,Other, ,Yes, ,Yes, , , , , ,Newtonbrook West (36),70,Unknown
70,43.634032,-79.43804499999999,2013-09-30T04:00:00.000Z,857,2013,Expressway,Toronto and East York,Intersection,Clear,Daylight,Passenger,55 to 59, , , , ,Yes, , , , , ,South Parkdale (85),71,Unknown
71,43.712046,-79.411693,2013-04-16T04:00:00.000Z,900,2013,Major Arterial,North York,Intersection,Clear,Daylight,Driver,55 to 59,"Automobile, Station Wagon",Lost control, , ,Yes, , , , , ,Lawrence Park South (103),72,Lost control
72,43.781545,-79.49449,2009-10-31T04:00:00.000Z,901,2009,Major Arterial,North York,Intersection,Rain,Daylight,Driver,15 to 19,"Automobile, Station Wagon",Disobeyed Traffic Control, , ,Yes, , , ,Yes, ,York University Heights (27),73,Disobeyed Traffic Control
73,43.793151,-79.352275,2016-03-29T04:00:00.000Z,901,2016,Major Arterial,North York,Intersection,Clear,Daylight,Pedestrian,75 to 79, , ,Yes, ,Yes, , , , , ,Don Valley Village (47),74,Unknown
74,43.693845,-79.33849000000001,2011-08-05T04:00:00.000Z,902,2011,Collector,Toronto and East York,Intersection,Clear,Daylight,Cyclist,80 to 84,Bicycle, , ,Yes,Yes, , , , , ,Old East York (58),75,Unknown
75,43.708262,-79.42094,2016-04-08T04:00:00.000Z,902,2016,Local,North York,Intersection,Clear,Daylight,Driver,35 to 39,"Automobile, Station Wagon",Disobeyed Traffic Control, , ,Yes, , ,Yes, , ,Forest Hill North (102),76,Speeding
76,43.697045,-79.54669,2012-01-26T05:00:00.000Z,903,2012,Major Arterial,Etobicoke York,Intersection,Clear,Daylight,Passenger,65 to 69,Other, , , ,Yes, , , , , ,Kingsview Village-The Westway (6),77,Unknown
77,43.793151,-79.352275,2016-08-19T04:00:00.000Z,904,2016,Major Arterial,North York,Intersection,Clear,Daylight,Pedestrian,80 to 84, , ,Yes, ,Yes, , , , , ,Don Valley Village (47),78,Unknown
78,43.63795,-79.431827,2017-10-18T04:00:00.000Z,906,2017,Major Arterial,Toronto and East York,Intersection,Clear,Daylight,Cyclist,35 to 39,Bicycle, , ,Yes,Yes, , , , , ,South Parkdale (85),79,Unknown
79,43.647745,-79.40369,2012-07-09T04:00:00.000Z,907,2012,Local,Toronto and East York,Mid-Block,Clear,Daylight,Passenger,80 to 84,Other, , , ,Yes, , , , , ,Kensington-Chinatown (78),80,Unknown
80,43.666945,-79.49949000000001,2008-06-18T04:00:00.000Z,909,2008,Minor Arterial,Etobicoke York,Intersection,Clear,Daylight,Pedestrian,85 to 89,Other, ,Yes, ,Yes, , , , , ,Rockcliffe-Smythe (111),81,Unknown
81,43.666346000000004,-79.34849100000001,2009-03-13T04:00:00.000Z,914,2009,Minor Arterial,Toronto and East York,Intersection,Other,Daylight,Pedestrian,85 to 89,Other, ,Yes, , , , , , , ,South Riverdale (70),82,Unknown
82,43.706175,-79.254787,2018-08-06T04:00:00.000Z,914,2018,Local,Scarborough,Intersection,Clear,Daylight,Wheelchair,80 to 84, , ,Yes, ,Yes, , , , , ,Birchcliffe-Cliffside (122),83,Unknown
83,43.688645,-79.54289,2010-06-12T04:00:00.000Z,916,2010,Major Arterial,Etobicoke York,Intersection,Clear,Daylight,Driver,25 to 29,"Automobile, Station Wagon",Driving Properly, , ,Yes, , , ,Yes, ,Kingsview Village-The Westway (6),84,Unknown
84,43.685545,-79.51249,2008-03-09T05:00:00.000Z,920,2008,Major Arterial,Etobicoke York,Intersection,Clear,Daylight,Driver,85 to 89,"Automobile, Station Wagon",Failed to Yield Right of Way, , ,Yes, , , , , ,Humber Heights-Westmount (8),85,Failed to Yield Right of Way
85,43.636099,-79.54007299999999,2016-01-28T05:00:00.000Z,925,2016,Major Arterial,Etobicoke York,Intersection,Clear,Daylight,Pedestrian,45 to 49, , ,Yes, , , , , , , ,Islington-City Centre West (14),86,Unknown
86,43.636445,-79.44399,2008-11-03T05:00:00.000Z,930,2008,Major Arterial,Toronto and East York,Mid-Block,Clear,Daylight,Passenger,90 to 94,Other, , , ,Yes, , , , , ,South Parkdale (85),87,Unknown
87,43.704074,-79.410945,2015-11-26T05:00:00.000Z,934,2015,Major Arterial,Toronto and East York,Intersection,Clear,Daylight,Pedestrian,85 to 89, , ,Yes, ,Yes, , , , , ,Yonge-Eglinton (100),88,Unknown
88,43.823569,-79.307048,2018-05-29T04:00:00.000Z,934,2018,Major Arterial,Scarborough,Intersection,Clear,Daylight,Passenger,80 to 84, , , , , , , , , , ,Steeles (116),89,Unknown
89,43.738145,-79.21779000000001,2009-12-23T05:00:00.000Z,935,2009,Major Arterial,Scarborough,Mid-Block,Clear,Daylight,Driver,80 to 84,"Automobile, Station Wagon",Lost control, , ,Yes, , , , , ,Scarborough Village (139),90,Lost control
90,43.725032,-79.402156,2018-05-15T04:00:00.000Z,935,2018,Major Arterial,North York,Intersection, ,Daylight,Pedestrian,70 to 74, , ,Yes, ,Yes, , , , , ,Lawrence Park South (103),91,Unknown
91,43.751868,-79.467212,2013-11-20T05:00:00.000Z,937,2013,Major Arterial,North York,Intersection,Clear,Daylight,Cyclist,20 to 24,Bicycle, , ,Yes,Yes, , ,Yes,Yes, ,Downsview-Roding-CFB (26),92,Speeding
92,43.779545,-79.41639,2012-08-21T04:00:00.000Z,940,2012,Major Arterial,North York,Mid-Block,Clear,Daylight,Pedestrian,45 to 49,Other, ,Yes, ,Yes, , , , , ,Willowdale West (37),93,Unknown
93,43.782045000000004,-79.39149,2012-09-10T04:00:00.000Z,943,2012,Major Arterial,North York,Intersection,Clear,Daylight,Pedestrian,75 to 79,Other, ,Yes, ,Yes, , , , , ,Bayview Village (52),94,Unknown
94,43.747714,-79.562267,2018-02-02T05:00:00.000Z,943,2018,Major Arterial,Etobicoke York,Intersection,Clear,Daylight,Pedestrian,70 to 74, , ,Yes, ,Yes, , , , , ,Humbermede (22),95,Unknown
95,43.742171,-79.272052,2014-12-07T05:00:00.000Z,944,2014,Major Arterial,Scarborough,Intersection,Clear,Daylight,Driver,80 to 84,"Automobile, Station Wagon",Lost control, , ,Yes, , , , , ,Ionview (125),96,Lost control
96,43.715644,-79.44649100000001,2009-08-27T04:00:00.000Z,947,2009,Major Arterial,North York,Intersection,Clear,Daylight,Pedestrian,85 to 89,Other, ,Yes, ,Yes, , , , , ,Yorkdale-Glen Park (31),97,Unknown
97,43.672746999999994,-79.288913,2016-05-03T04:00:00.000Z,948,2016,Local,Toronto and East York,Mid-Block,Clear,Daylight,Pedestrian,65 to 69, , ,Yes, ,Yes, , , , , ,The Beaches (63),98,Unknown
98,43.779303000000006,-79.390872,2017-05-31T04:00:00.000Z,950,2017,Major Arterial,North York,Intersection,Clear,Daylight,Pedestrian,15 to 19, , ,Yes, ,Yes, , , , , ,Bayview Village (52),99,Unknown
99,43.792651,-79.354724,2016-03-14T04:00:00.000Z,952,2016,Major Arterial,North York,Intersection,Rain,Daylight,Passenger,55 to 59, , , , ,Yes, , , ,Yes, ,Don Valley Village (47),100,Rain
100,43.789603,-79.413997,2016-02-10T05:00:00.000Z,954,2016,Local,North York,Intersection,Clear,Daylight,Pedestrian,80 to 84, , ,Yes, ,Yes, , ,Yes, , ,Newtonbrook East (50),101,Speeding
101,43.7396,-79.509639,2017-03-04T05:00:00.000Z,1001,2017,Major Arterial,North York,Intersection,Clear,Daylight,Pedestrian,5 to 9, , ,Yes, ,Yes, , , ,Yes, ,Glenfield-Jane Heights (25),102,Unknown
102,43.661745,-79.42689,2011-01-29T05:00:00.000Z,0,2011,Major Arterial,Toronto and East York,Intersection,Clear,Dark,Pedestrian,60 to 64,Other, ,Yes, , , , , , , ,Dovercourt-Wallace Emerson-Junction (93),103,Unknown
103,43.774943,-79.347888,2013-07-28T04:00:00.000Z,1,2013,Major Arterial,North York,Mid-Block,Rain,"Dark, artificial",Pedestrian,80 to 84, , ,Yes, ,Yes, , , , , ,Don Valley Village (47),104,Rain