,LATITUDE,LONGITUDE,DATE,TIME,YEAR,ACCIDENT LANE,District,INTERSECTION,VISIBILITY,LIGHT,VICTIM,VICTIM AGE,VEHTYPE,DRIVACT,PEDESTRIAN,CYCLIST,AUTOMOBILE,MOTORCYCLE,TRUCK,SPEEDING,REDLIGHT,ALCOHOL,Neighbourh,ObjectId,Cause
201,43.667145,-79.52009,2011-08-22T04:00:00.000Z,551,2011,Minor Arterial,Etobicoke York,Intersection,Clear,Dark,Driver,50 to 54,"Automobile, Station Wagon",Lost control, , ,Yes, , , , , ,Edenbridge-Humber Valley (9),202,Lost control
202,43.73503,-79.617862,2014-07-28T04:00:00.000Z,553,2014,Major Arterial,Etobicoke York,Intersection,Rain,"Dawn, artificial",Pedestrian,30 to 34, , ,Yes, , , , , , , ,West Humber-Clairville (1),203,Rain
203,43.758245,-79.51239,2012-04-02T04:00:00.000Z,555,2012,Major Arterial,Etobicoke York,Mid-Block,Clear,"Dawn, artificial",Pedestrian,45 to 49,Other, ,Yes, ,Yes, , , , , ,Glenfield-Jane Heights (25),204,Unknown
204,43.734159999999996,-79.60306899999999,2013-07-25T04:00:00.000Z,1346,2013,Major Arterial,Etobicoke York,Intersection,Clear,Daylight,Pedestrian,25 to 29,Other, ,Yes, ,Yes, , , , , ,West Humber-Clairville (1),205,Unknown
205,43.767745,-79.38309,2009-01-06T05:00:00.000Z,1349,2009,Major Arterial,North York,Intersection,Clear,Daylight,Pedestrian,65 to 69,Other, ,Yes, ,Yes, , , , , ,Bayview Village (52),206,Unknown
206,43.765445,-79.19949,2011-07-24T04:00:00.000Z,1349,2011,Major Arterial,Scarborough,Intersection,Clear,Daylight,Driver,65 to 69,"Automobile, Station Wagon", , , ,Yes, , ,Yes, , ,West Hill (136),207,Speeding
207,43.727339,-79.600063,2016-05-24T04:00:00.000Z,1350,2016,Major Arterial,Etobicoke York,Mid-Block,Clear,Daylight,Driver,70 to 74,"Automobile, Station Wagon",Driving Properly, , ,Yes, ,Yes,Yes, , ,West Humber-Clairville (1),208,Speeding
208,43.738945,-79.57999000000001,2009-09-15T04:00:00.000Z,1400,2009,Major Arterial,Etobicoke York,Mid-Block,Clear,Daylight,Pedestrian,75 to 79,Other, ,Yes, ,Yes, , , , , ,Thistletown-Beaumond Heights (3),209,Unknown
209,43.672345,-79.37689,2009-10-02T04:00:00.000Z,1400,2009,Major Arterial,Toronto and East York,Intersection,Rain,Daylight,Pedestrian,40 to 44,Other, ,Yes, ,Yes, , , , , ,North St.James Town (74),210,Rain
210,43.701213,-79.251239,2017-04-06T04:00:00.000Z,1403,2017,Local,Scarborough,Intersection,Rain,Daylight,Passenger,55 to 59, , , , , , ,Yes, , , ,Birchcliffe-Cliffside (122),211,Rain
211,43.672345,-79.37959000000001,2008-03-15T04:00:00.000Z,1404,2008,Major Arterial,Toronto and East York,Mid-Block,Clear,Daylight,Pedestrian,25 to 29,Other, ,Yes, ,Yes, , , , , ,Rosedale-Moore Park (98),212,Unknown
212,43.664443,-79.34238,2015-04-20T04:00:00.000Z,1405,2015,Minor Arterial,Toronto and East York,Mid-Block,Clear,Daylight,Pedestrian,30 to 34, , ,Yes, ,Yes, , ,Yes, , ,South Riverdale (70),213,Speeding
213,43.599353,-79.525653,2018-09-05T04:00:00.000Z,1405,2018,Local,Etobicoke York,Mid-Block,Clear,Daylight,Pedestrian,50 to 54, , ,Yes, , , ,Yes, , , ,Long Branch (19),214,Unknown
214,43.735335,-79.290637,2014-10-09T04:00:00.000Z,1410,2014,Major Arterial,Scarborough,Intersection,Clear,Daylight,Cyclist,60 to 64,Bicycle, , ,Yes,Yes, , , ,Yes, ,Wexford/Maryvale (119),215,Unknown
215,43.65372,-79.37324100000001,2016-03-04T05:00:00.000Z,1411,2016,Major Arterial,Toronto and East York,Intersection,Clear,Daylight,Pedestrian,30 to 34, , ,Yes, , , ,Yes, , , ,Moss Park (73),216,Unknown
216,43.731806,-79.511264,2016-05-17T04:00:00.000Z,1414,2016,Major Arterial,North York,Intersection,Clear,Daylight,Motorcycle Driver,30 to 34,Motorcycle,Driving Properly, , ,Yes,Yes, , , , ,Downsview-Roding-CFB (26),217,Unknown
217,43.640692,-79.392284,2016-06-14T04:00:00.000Z,1415,2016,Minor Arterial,Toronto and East York,Mid-Block,Clear,Daylight,Pedestrian,35 to 39, , ,Yes, ,Yes, , ,Yes, , ,Waterfront Communities-The Island (77),218,Speeding
218,43.760345,-79.30449,2009-09-19T04:00:00.000Z,1418,2009,Major Arterial,Scarborough,Intersection,Clear,Daylight,Driver,85 to 89,"Automobile, Station Wagon",Failed to Yield Right of Way, , ,Yes, , , , , ,Wexford/Maryvale (119),219,Failed to Yield Right of Way
219,43.719248,-79.429813,2015-12-02T05:00:00.000Z,1419,2015,Major Arterial,North York,Intersection,Clear,Daylight,Pedestrian,90 to 94, , ,Yes, ,Yes, , , , , ,Bedford Park-Nortown (39),220,Unknown
220,43.655574,-79.412013,2014-11-27T05:00:00.000Z,1420,2014,Major Arterial,Toronto and East York,Mid-Block,Clear,Daylight,Passenger,90 to 94, , , , ,Yes, , , , , ,Trinity-Bellwoods (81),221,Unknown
221,43.770245,-79.54649,2012-05-15T04:00:00.000Z,1426,2012,Major Arterial,Etobicoke York,Intersection,Clear,Daylight,Pedestrian,75 to 79,Other, ,Yes, , , ,Yes, , , ,Humber Summit (21),222,Unknown
222,43.716109,-79.282733,2018-07-30T04:00:00.000Z,1427,2018,Major Arterial,Scarborough,Intersection,Clear,Daylight,Pedestrian,65 to 69, , ,Yes, ,Yes, , , , , ,Clairlea-Birchmount (120),223,Unknown
223,43.764346,-79.574893,2012-01-30T05:00:00.000Z,1428,2012,Major Arterial,Etobicoke York,Intersection,Clear,Daylight,Driver,75 to 79,"Automobile, Station Wagon",Lost control, , ,Yes, , , , , , ,224,Lost control
224,43.666245,-79.37829,2009-04-03T04:00:00.000Z,1429,2009,Major Arterial,Toronto and East York,Intersection,Rain,Daylight,Pedestrian,90 to 94,Other, ,Yes, ,Yes, , , , , ,Cabbagetown-South St.James Town (71),225,Rain
225,43.688357,-79.48286800000001,2016-01-06T05:00:00.000Z,1429,2016,Major Arterial,Etobicoke York,Intersection,Clear,Daylight,Driver,90 to 94,"Automobile, Station Wagon",Driving Properly, , ,Yes, , , , , ,Keelesdale-Eglinton West (110),226,Unknown
226,43.788945,-79.41779,2011-06-17T04:00:00.000Z,1432,2011,Major Arterial,North York,Intersection,Clear,Daylight,Pedestrian,5 to 9,Other, ,Yes, ,Yes, , , , , ,Newtonbrook East (50),227,Unknown
227,43.711028000000006,-79.377147,2016-01-15T05:00:00.000Z,1435,2016,Major Arterial,North York,Intersection,Clear,Daylight,Pedestrian,80 to 84, , ,Yes, ,Yes, , , , , ,Leaside-Bennington (56),228,Unknown
228,43.732192,-79.267925,2016-06-06T04:00:00.000Z,1435,2016,Major Arterial,Scarborough,Intersection,Clear,Daylight,Passenger,65 to 69, , , , ,Yes, , , ,Yes, ,Kennedy Park (124),229,Unknown
229,43.650045,-79.38629,2012-11-07T05:00:00.000Z,1437,2012,Major Arterial,Toronto and East York,Intersection,Clear,Daylight,Cyclist,55 to 59,Bicycle, , ,Yes,Yes, , , , , ,Bay Street Corridor (76),230,Unknown
230,43.684897,-79.47280400000001,2015-10-23T04:00:00.000Z,1437,2015,Major Arterial,Etobicoke York,Intersection,Clear,Daylight,Pedestrian,75 to 79, , ,Yes, ,Yes, , , , , ,Keelesdale-Eglinton West (110),231,Unknown
231,43.740245,-79.32799,2011-08-30T04:00:00.000Z,1438,2011,Major Arterial,North York,Mid-Block,Clear,Daylight,Passenger,40 to 44,Other, , , ,Yes, ,Yes,Yes, , ,Victoria Village (43),232,Speeding
232,43.679843,-79.390689,2013-01-15T05:00:00.000Z,1438,2013,Major Arterial,Toronto and East York,Intersection,Clear,Daylight,Pedestrian,75 to 79, , ,Yes, ,Yes, , , , , ,Rosedale-Moore Park (98),233,Unknown
233,43.687509999999996,-79.396922,2013-11-15T05:00:00.000Z,1440,2013,Major Arterial,Toronto and East York,Mid-Block,Clear,Daylight,Pedestrian,80 to 84, , ,Yes, ,Yes, , , , , ,Yonge-St.Clair (97),234,Unknown
234,43.782745,-79.34909,2008-01-31T05:00:00.000Z,1440,2008,Major Arterial,North York,Intersection,Clear,Daylight,Passenger,80 to 84,Other, , , ,Yes, , , , , ,Don Valley Village (47),235,Unknown
235,43.81116,-79.29066800000001,2016-12-13T05:00:00.000Z,1440,2016,Major Arterial,Scarborough,Mid-Block,Clear,Daylight,Pedestrian,70 to 74, , ,Yes, ,Yes, , , , , ,Agincourt North (129),236,Unknown
236,43.752016999999995,-79.542331,2017-01-25T05:00:00.000Z,1440,2017,Major Arterial,Etobicoke York,Intersection,Clear,Daylight,Driver,85 to 89,"Automobile, Station Wagon",Disobeyed Traffic Control, , ,Yes, ,Yes, ,Yes, ,Humbermede (22),237,Disobeyed Traffic Control
237,43.738375,-79.33229399999999,2016-05-31T04:00:00.000Z,1441,2016,Expressway,North York,Mid-Block,Clear,Daylight,Driver,70 to 74,"Automobile, Station Wagon",Speed too Slow, , ,Yes, ,Yes, , , ,Banbury-Don Mills (42),238,Speed too Slow
238,43.736045000000004,-79.25879,2009-11-03T05:00:00.000Z,1445,2009,Major Arterial,Scarborough,Intersection,Clear,Daylight,Pedestrian,85 to 89,Other, ,Yes, ,Yes, , , , , ,Eglinton East (138),239,Unknown
239,43.665145,-79.35589,2012-04-20T04:00:00.000Z,1447,2012,Expressway,Toronto and East York,Mid-Block,Clear,Daylight,Motorcycle Driver,35 to 39,Motorcycle,Exceeding Speed Limit, , , ,Yes, ,Yes, , ,North Riverdale (68),240,Speeding
240,43.684645,-79.28029000000001,2009-08-07T04:00:00.000Z,1448,2009,Collector,Scarborough,Intersection,Clear,Daylight,Pedestrian,80 to 84,Other, ,Yes, ,Yes, , , , , ,Birchcliffe-Cliffside (122),241,Unknown
241,43.658045,-79.44399,2009-06-23T04:00:00.000Z,1449,2009,Major Arterial,Toronto and East York,Intersection,Clear,Daylight,Pedestrian,75 to 79,Other, ,Yes, , , ,Yes, , , ,Dufferin Grove (83),242,Unknown
242,43.727843,-79.417888,2013-04-16T04:00:00.000Z,1450,2013,Major Arterial,North York,Intersection,Clear,Daylight,Pedestrian,65 to 69, , ,Yes, , , ,Yes, , , ,Bedford Park-Nortown (39),243,Unknown
243,43.659644,-79.382388,2013-05-04T04:00:00.000Z,1450,2013,Major Arterial,Toronto and East York,Mid-Block,Clear,Daylight,Motorcycle Driver,40 to 44,Motorcycle,Improper Lane Change,Yes, , ,Yes, , , , ,Bay Street Corridor (76),244,Improper Lane Change
244,43.656932,-79.364993,2016-07-28T04:00:00.000Z,1450,2016,Minor Arterial,Toronto and East York,Intersection,Clear,Daylight,Pedestrian,80 to 84, , ,Yes, , , ,Yes, , , ,Regent Park (72),245,Unknown
245,43.670245,-79.49319,2012-10-05T04:00:00.000Z,1455,2012,Major Arterial,Etobicoke York,Intersection,Clear,Daylight,Motorcycle Driver,35 to 39,Motorcycle,Driving Properly, , ,Yes,Yes, , , , ,Rockcliffe-Smythe (111),246,Unknown
246,43.792645,-79.35469,2009-12-08T05:00:00.000Z,1456,2009,Major Arterial,North York,Intersection,Clear,Daylight,Passenger,85 to 89,Other, , , ,Yes, , , , , ,Don Valley Village (47),247,Unknown
247,43.722369,-79.30168499999999,2013-12-24T05:00:00.000Z,1500,2013,Major Arterial,Scarborough,Mid-Block,Clear,Daylight,Pedestrian,70 to 74, , ,Yes, ,Yes, , , , , ,Clairlea-Birchmount (120),248,Unknown
248,43.702281,-79.452075,2018-06-11T04:00:00.000Z,1500,2018,Major Arterial,North York,Intersection,Clear,Daylight,Pedestrian,50 to 54, , ,Yes, ,Yes, , ,Yes,Yes, ,Briar Hill-Belgravia (108),249,Speeding
249,43.759545,-79.59529,2010-03-09T05:00:00.000Z,1504,2010,Major Arterial,Etobicoke York,Mid-Block,Clear,Daylight,Driver,45 to 49,"Automobile, Station Wagon",Lost control, , ,Yes, ,Yes, , , ,Mount Olive-Silverstone-Jamestown (2),250,Lost control
250,43.64926,-79.484439,2017-07-18T04:00:00.000Z,1504,2017,Major Arterial,Toronto and East York,Intersection,Clear,Daylight,Motorcycle Driver,70 to 74,Motorcycle,Driving Properly, , , ,Yes,Yes, , , ,High Park-Swansea (87),251,Unknown
251,43.728645,-79.41439,2012-12-03T05:00:00.000Z,1507,2012,Collector,North York,Intersection,Clear,Daylight,Pedestrian,85 to 89,Other, ,Yes, ,Yes, , , , , ,Lawrence Park North (105),252,Unknown
252,43.719008,-79.508113,2018-04-13T04:00:00.000Z,1512,2018,Major Arterial,North York,Intersection, ,Daylight,Pedestrian,40 to 44, , ,Yes, ,Yes, , ,Yes, , ,Downsview-Roding-CFB (26),253,Speeding
253,43.723372,-79.302089,2014-10-28T04:00:00.000Z,1515,2014,Major Arterial,Scarborough,Intersection,Other,Daylight,Cyclist,70 to 74,Bicycle, , ,Yes,Yes, , , , , ,Clairlea-Birchmount (120),254,Unknown
254,43.621562,-79.500606,2015-02-13T05:00:00.000Z,1516,2015,Minor Arterial,Etobicoke York,Intersection,Other,Daylight,Passenger,75 to 79, , , , , , , , , , ,Mimico (includes Humber Bay Shores) (17),255,Unknown
255,43.626245000000004,-79.52879,2013-07-22T04:00:00.000Z,1519,2013,Major Arterial,Etobicoke York,Intersection,Clear,Daylight,Motorcycle Driver,20 to 24,Motorcycle,Driving Properly, , ,Yes,Yes, , , , ,Islington-City Centre West (14),256,Unknown
256,43.736845,-79.34499,2012-06-08T04:00:00.000Z,1520,2012,Major Arterial,North York,Intersection,Clear,Daylight,Motorcycle Driver,40 to 44,Motorcycle,Driving Properly, , ,Yes,Yes, , , , ,Banbury-Don Mills (42),257,Unknown
257,43.727903999999995,-79.488223,2018-01-15T05:00:00.000Z,1520,2018,Local,North York,Mid-Block,Snow,Daylight,Pedestrian,5 to 9, , ,Yes, ,Yes, , , , , ,Downsview-Roding-CFB (26),258,Snow
258,43.796965,-79.424747,2013-11-24T05:00:00.000Z,1521,2013,Major Arterial,North York,Intersection,Clear,"Dark, artificial",Pedestrian,40 to 44, , ,Yes, ,Yes, , , , , ,Newtonbrook West (36),259,Unknown
259,43.687686,-79.27088499999999,2017-12-21T05:00:00.000Z,1528,2017,Major Arterial,Scarborough,Intersection,Other,Daylight,Pedestrian,40 to 44, , ,Yes, ,Yes, , ,Yes,Yes,Yes,Birchcliffe-Cliffside (122),260,Alcohol & Speeding
260,43.726445,-79.53559,2008-02-29T05:00:00.000Z,1530,2008,Major Arterial,Etobicoke York,Intersection,Snow,Daylight,Passenger,30 to 34,Other, , , ,Yes, ,Yes,Yes, , ,Pelmo Park-Humberlea (23),261,Speeding
261,43.726445,-79.53559,2008-02-29T05:00:00.000Z,1530,2008,Major Arterial,Etobicoke York,Intersection,Snow,Daylight,Driver,55 to 59,"Automobile, Station Wagon",Speed too Fast For Condition, , ,Yes, ,Yes,Yes, , ,Pelmo Park-Humberlea (23),262,Speeding
262,43.793753,-79.17908,2017-04-21T04:00:00.000Z,1530,2017,Collector,Scarborough,Intersection,Clear,"Daylight, artificial",Pedestrian,5 to 9, , ,Yes, ,Yes, , , , , ,Highland Creek (134),263,Unknown
263,43.818521999999994,-79.306857,2018-02-27T05:00:00.000Z,1530,2018,Collector,Scarborough,Intersection,Clear,Daylight,Pedestrian,10 to 14, , ,Yes, ,Yes, , , , , ,Steeles (116),264,Unknown
264,43.730746,-79.606792,2013-08-27T04:00:00.000Z,1533,2013,Minor Arterial,Etobicoke York,Mid-Block,Clear,Daylight,Pedestrian,55 to 59, , ,Yes, ,Yes, , ,Yes, , ,West Humber-Clairville (1),265,Speeding
265,43.652056,-79.471744,2017-03-07T05:00:00.000Z,1538,2017,Major Arterial,Toronto and East York,Intersection,Clear,Daylight,Passenger,35 to 39,"Automobile, Station Wagon", , , ,Yes, , ,Yes, , ,High Park-Swansea (87),266,Speeding
266,43.800545,-79.28489,2011-09-01T04:00:00.000Z,1540,2011,Major Arterial,Scarborough,Mid-Block,Clear,Daylight,Driver,35 to 39,"Automobile, Station Wagon",Lost control, , ,Yes, , ,Yes, , ,Agincourt North (129),267,Speeding
267,43.703646,-79.25159000000001,2013-03-07T05:00:00.000Z,1545,2013,Collector,Scarborough,Intersection,Clear,Daylight,Pedestrian,5 to 9, , ,Yes, , , ,Yes, , , ,Birchcliffe-Cliffside (122),268,Unknown
268,43.748545,-79.244487,2013-08-30T04:00:00.000Z,1545,2013,Major Arterial,Scarborough,Intersection,Clear,Daylight,Motorcycle Driver,45 to 49,Motorcycle,Improper Lane Change, , ,Yes,Yes,Yes,Yes, , ,Bendale (127),269,Speeding
269,43.733745,-79.60669,2009-06-05T04:00:00.000Z,1547,2009,Major Arterial,Etobicoke York,Intersection,Clear,Daylight,Motorcycle Driver,35 to 39,Motorcycle,Lost control, , ,Yes,Yes, , , , ,West Humber-Clairville (1),270,Lost control
270,43.641405999999996,-79.34917800000001,2016-10-27T04:00:00.000Z,1549,2016,Collector,Toronto and East York,Mid-Block,Rain,Daylight,Driver,50 to 54,"Automobile, Station Wagon",Lost control, , ,Yes, , ,Yes, , ,South Riverdale (70),271,Speeding
271,43.718589,-79.350383,2018-08-16T04:00:00.000Z,1555,2018,Major Arterial,North York,Intersection,Clear,Daylight,Driver,85 to 89,Passenger Van,Improper Turn, , ,Yes, ,Yes, , , ,Banbury-Don Mills (42),272,Improper Turn
272,43.729346,-79.280689,2013-01-23T05:00:00.000Z,1556,2013,Major Arterial,Scarborough,Intersection,Clear,Daylight,Pedestrian,45 to 49, , ,Yes, , , , , ,Yes, ,Clairlea-Birchmount (120),273,Unknown
273,43.634440000000005,-79.56721800000001,2013-11-30T05:00:00.000Z,1556,2013,Major Arterial,Etobicoke York,Intersection,Other,Daylight,Driver,30 to 34,"Automobile, Station Wagon",Driving Properly, , ,Yes, , , , , ,Markland Wood (12),274,Unknown
274,43.637709,-79.458881,2018-05-15T04:00:00.000Z,1558,2018,Major Arterial,Toronto and East York,Intersection,Clear,Daylight,Cyclist,35 to 39,Bicycle, , ,Yes,Yes, , , ,Yes, ,South Parkdale (85),275,Unknown
275,43.663325,-79.369693,2018-09-21T04:00:00.000Z,1600,2018,Laneway,Toronto and East York,Intersection,Clear,Daylight,Pedestrian,55 to 59, , ,Yes, ,Yes, , , , , ,Moss Park (73),276,Unknown
276,43.700686,-79.451724,2018-09-20T04:00:00.000Z,1600,2018,Major Arterial,North York,Intersection,Clear,Daylight,Pedestrian,90 to 94, , ,Yes, ,Yes, , , , , ,Briar Hill-Belgravia (108),277,Unknown
277,43.680644,-79.48479,2013-07-29T04:00:00.000Z,1604,2013,Local,Etobicoke York,Intersection,Clear,Daylight,Pedestrian,65 to 69, , ,Yes, ,Yes, , , , , ,Rockcliffe-Smythe (111),278,Unknown
278,43.604745,-79.53139,2010-03-02T05:00:00.000Z,1605,2010,Minor Arterial,Etobicoke York,Intersection,Clear,Daylight,Pedestrian,55 to 59,Other, ,Yes, , , ,Yes, , , ,Alderwood (20),279,Unknown
279,43.793504999999996,-79.24006999999999,2017-06-13T04:00:00.000Z,1606,2017,Major Arterial,Scarborough,Mid-Block,Clear,Daylight,Passenger,0 to 4, , , , ,Yes, , , , , ,Agincourt South-Malvern West (128),280,Unknown
280,43.672331,-79.468509,2014-09-30T04:00:00.000Z,1608,2014,Major Arterial,Etobicoke York,Mid-Block,Clear,Daylight,Pedestrian,70 to 74, , ,Yes, , , , , , , ,Junction Area (90),281,Unknown
281,43.752045,-79.54239,2009-02-02T05:00:00.000Z,1610,2009,Major Arterial,Etobicoke York,Intersection,Clear,Daylight,Pedestrian,90 to 94,Other, ,Yes, , , ,Yes, , , ,Humbermede (22),282,Unknown
282,43.704775,-79.368121,2014-07-16T04:00:00.000Z,1615,2014,Collector,North York,Intersection,Clear,Daylight,Pedestrian,5 to 9, , ,Yes, ,Yes, , , , , ,Leaside-Bennington (56),283,Unknown
283,43.784380999999996,-79.41668299999999,2014-08-07T04:00:00.000Z,1618,2014,Major Arterial,North York,Intersection,Clear,Daylight,Pedestrian,40 to 44, , ,Yes, ,Yes, , , ,Yes, ,Newtonbrook East (50),284,Unknown
284,43.725997,-79.55511,2014-10-01T04:00:00.000Z,1620,2014,Local,Etobicoke York,Mid-Block,Clear,Daylight,Motorcycle Driver,20 to 24,Motorcycle,Lost control, , , ,Yes, ,Yes, , ,Elms-Old Rexdale (5),285,Speeding
285,43.790545,-79.21259,2012-07-30T04:00:00.000Z,1623,2012,Minor Arterial,Scarborough,Mid-Block,Clear,Daylight,Driver,55 to 59,"Automobile, Station Wagon",Lost control, , ,Yes, , , , , ,Morningside (135),286,Lost control
286,43.768195,-79.501659,2017-10-03T04:00:00.000Z,1623,2017,Minor Arterial,Etobicoke York,Intersection,Clear,Daylight,Pedestrian,20 to 24, , ,Yes, ,Yes, , , , , ,York University Heights (27),287,Unknown
287,43.705802,-79.325069,2013-11-03T04:00:00.000Z,1625,2013,Collector,Toronto and East York,Intersection,Clear,Daylight,Pedestrian,85 to 89,Other, ,Yes, ,Yes, , , , , ,O'Connor-Parkview (54),288,Unknown
288,43.676943,-79.489391,2012-08-23T04:00:00.000Z,1627,2012,Collector,Etobicoke York,Intersection,Clear,Daylight,Motorcycle Driver,40 to 44,Motorcycle,Disobeyed Traffic Control, , ,Yes,Yes, , ,Yes, ,Rockcliffe-Smythe (111),289,Disobeyed Traffic Control
289,43.645845,-79.38629,2010-05-06T04:00:00.000Z,1630,2010,Minor Arterial,Toronto and East York,Mid-Block,Clear,Daylight,Passenger,80 to 84,Other, , , ,Yes, , , , , ,Waterfront Communities-The Island (77),290,Unknown
290,43.711009000000004,-79.26977099999999,2017-09-28T04:00:00.000Z,1630,2017,Minor Arterial,Scarborough,Intersection,Clear,Daylight,Pedestrian,55 to 59, , ,Yes, ,Yes, , ,Yes, ,Yes,Clairlea-Birchmount (120),291,Alcohol & Speeding
291,43.602343,-79.497989,2013-09-18T04:00:00.000Z,1634,2013,Major Arterial,Etobicoke York,Intersection,Clear,Daylight,Cyclist,50 to 54,Bicycle, , ,Yes,Yes, , , , , ,New Toronto (18),292,Unknown
292,43.723372,-79.302089,2014-08-20T04:00:00.000Z,1639,2014,Major Arterial,Scarborough,Intersection,Clear,Daylight,Pedestrian,75 to 79, , ,Yes, ,Yes, , , , , ,Clairlea-Birchmount (120),293,Unknown
293,43.81296,-79.24306800000001,2015-03-04T05:00:00.000Z,1639,2015,Major Arterial,Scarborough,Intersection,Clear,Daylight,Pedestrian,60 to 64, , ,Yes, , , ,Yes, , , ,Malvern (132),294,Unknown
294,43.794638,-79.4192,2015-03-19T04:00:00.000Z,1645,2015,Major Arterial,North York,Mid-Block,Clear,Daylight,Pedestrian,80 to 84, , ,Yes, ,Yes, , , , , ,Newtonbrook East (50),295,Unknown
295,43.765390999999994,-79.44089100000001,2018-02-20T05:00:00.000Z,1645,2018,Major Arterial,North York,Intersection,Rain,Daylight,Pedestrian,65 to 69, , ,Yes, , , ,Yes, , , ,Willowdale West (37),296,Rain
296,43.75495,-79.350871,2014-02-26T05:00:00.000Z,1646,2014,Major Arterial,North York,Intersection,Clear,Daylight,Driver,80 to 84,"Automobile, Station Wagon",Driving Properly, , ,Yes, , , , , ,Banbury-Don Mills (42),297,Unknown
297,43.665745,-79.49119,2010-07-16T04:00:00.000Z,1647,2010,Major Arterial,Toronto and East York,Intersection,Clear,Daylight,Passenger,85 to 89,Other, , , ,Yes, , ,Yes, , ,Runnymede-Bloor West Village (89),298,Speeding
298,43.665745,-79.49119,2010-07-16T04:00:00.000Z,1647,2010,Major Arterial,Toronto and East York,Intersection,Clear,Daylight,Passenger,90 to 94,Other, , , ,Yes, , ,Yes, , ,Runnymede-Bloor West Village (89),299,Speeding
299,43.683645,-79.58019,2008-09-23T04:00:00.000Z,1652,2008,Major Arterial,Etobicoke York,Mid-Block,Clear,Daylight,Driver,25 to 29,"Automobile, Station Wagon",Lost control, , ,Yes, ,Yes, , , ,West Humber-Clairville (1),300,Lost control
300,43.76113,-79.448695,2015-09-05T04:00:00.000Z,1652,2015,Local,North York,Intersection,Clear,Daylight,Passenger,90 to 94, , , , ,Yes, , , , , ,Bathurst Manor (34),301,Unknown
301,43.720403999999995,-79.257442,2015-02-05T05:00:00.000Z,1701,2015,Major Arterial,Scarborough,Mid-Block,Clear,"Daylight, artificial",Pedestrian,85 to 89, , ,Yes, ,Yes, , ,Yes, , ,Kennedy Park (124),302,Speeding
302,43.737545000000004,-79.42059,2008-01-07T05:00:00.000Z,1702,2008,Major Arterial,North York,Intersection,Clear,Dark,Pedestrian,70 to 74,Other, ,Yes, ,Yes, , , , , ,Bedford Park-Nortown (39),303,Unknown