,LATITUDE,LONGITUDE,DATE,TIME,YEAR,ACCIDENT LANE,District,INTERSECTION,VISIBILITY,LIGHT,VICTIM,VICTIM AGE,VEHTYPE,DRIVACT,PEDESTRIAN,CYCLIST,AUTOMOBILE,MOTORCYCLE,TRUCK,SPEEDING,REDLIGHT,ALCOHOL,Neighbourh,ObjectId,Cause
303,43.664945,-79.46439000000001,2009-06-17T04:00:00.000Z,1708,2009,Major Arterial,Toronto and East York,Mid-Block,Rain,Daylight,Pedestrian,85 to 89,Other, ,Yes, , , ,Yes, , , ,Junction Area (90),304,Rain
304,43.600909,-79.504077,2018-09-11T04:00:00.000Z,1708,2018,Major Arterial,Etobicoke York,Intersection,Clear,Daylight,Pedestrian,70 to 74,Other, ,Yes, ,Yes, , , , , ,New Toronto (18),305,Unknown
305,43.743716,-79.219142,2015-11-18T05:00:00.000Z,1710,2015,Major Arterial,Scarborough,Mid-Block,Rain,"Dark, artificial",Pedestrian,45 to 49, , ,Yes, ,Yes, , , , , ,Scarborough Village (139),306,Rain
306,43.602278000000005,-79.51075300000001,2016-07-12T04:00:00.000Z,1710,2016,Collector,Etobicoke York,Intersection,Clear,Daylight,Driver,55 to 59,"Automobile, Station Wagon",Lost control, , ,Yes, , , , , ,New Toronto (18),307,Lost control
307,43.722941,-79.415889,2018-11-01T04:00:00.000Z,1712,2018,Major Arterial,North York,Intersection,Rain,Dark,Passenger,55 to 59,"Automobile, Station Wagon", , , ,Yes, , , , , ,Bedford Park-Nortown (39),308,Rain
308,43.794845,-79.31499000000001,2008-11-26T05:00:00.000Z,1714,2008,Major Arterial,Scarborough,Mid-Block,Rain,Dark,Pedestrian,55 to 59,Other, ,Yes, ,Yes, , , , , ,L'Amoreaux (117),309,Rain
309,43.801444000000004,-79.263789,2013-07-08T04:00:00.000Z,1715,2013,Major Arterial,Scarborough,Intersection,Rain,Daylight,Pedestrian,65 to 69, , ,Yes, , , , , , , ,Agincourt North (129),310,Rain
310,43.726615,-79.431415,2015-11-30T05:00:00.000Z,1715,2015,Major Arterial,North York,Intersection,Clear,"Dark, artificial",Pedestrian,65 to 69, , ,Yes, ,Yes, , , , , ,Bedford Park-Nortown (39),311,Unknown
311,43.790507,-79.26992299999999,2018-01-02T05:00:00.000Z,1718,2018,Major Arterial,Scarborough,Intersection,Clear,"Dusk, artificial",Pedestrian,70 to 74, , ,Yes, ,Yes, , , , , ,Agincourt North (129),312,Unknown
312,43.682945000000004,-79.42839000000001,2010-11-26T05:00:00.000Z,1719,2010,Local,Toronto and East York,Intersection,Clear,Dark,Pedestrian,75 to 79,Other, ,Yes, ,Yes, , , , , ,Humewood-Cedarvale (106),313,Unknown
313,43.809645,-79.28999,2012-11-27T05:00:00.000Z,1720,2012,Major Arterial,Scarborough,Intersection,Clear,"Dark, artificial",Pedestrian,40 to 44,Other, ,Yes, ,Yes, , , , , ,Milliken (130),314,Unknown
314,43.719145000000005,-79.60349000000001,2008-04-28T04:00:00.000Z,1722,2008,Major Arterial,Etobicoke York,Intersection,Clear,Daylight,Pedestrian,85 to 89,Other, ,Yes, ,Yes, , , , , ,West Humber-Clairville (1),315,Unknown
315,43.798106,-79.21767,2014-08-01T04:00:00.000Z,1722,2014,Major Arterial,Scarborough,Intersection,Clear,Daylight,Cyclist,15 to 19,Bicycle, , ,Yes,Yes, , ,Yes, , ,Malvern (132),316,Speeding
316,43.777732,-79.324161,2016-04-22T04:00:00.000Z,1727,2016,Major Arterial,Scarborough,Intersection,Clear,Daylight,Pedestrian,55 to 59, , ,Yes, ,Yes, , , , , ,L'Amoreaux (117),317,Unknown
317,43.688113,-79.467433,2016-05-30T04:00:00.000Z,1728,2016,Local,Etobicoke York,Intersection,Clear,Daylight,Driver,65 to 69,"Automobile, Station Wagon",Other, , ,Yes, , , , , ,Keelesdale-Eglinton West (110),318,Unknown
318,43.750491,-79.254108,2016-11-10T05:00:00.000Z,1732,2016,Major Arterial,Scarborough,Mid-Block,Clear,"Dark, artificial",Pedestrian,60 to 64, , ,Yes, ,Yes, , , , , ,Bendale (127),319,Unknown
319,43.825345,-79.29999000000001,2010-12-28T05:00:00.000Z,1734,2010,Major Arterial,Scarborough,Intersection,Snow,Dark,Pedestrian,30 to 34,Other, ,Yes, ,Yes, , , , , , ,320,Snow
320,43.650244,-79.34849100000001,2013-03-29T04:00:00.000Z,1734,2013,Expressway,Toronto and East York,Mid-Block,Clear,Daylight,Passenger,15 to 19, , , , ,Yes, , ,Yes, , ,Waterfront Communities-The Island (77),321,Speeding
321,43.722663,-79.499889,2015-04-13T04:00:00.000Z,1734,2015,Major Arterial,North York,Mid-Block,Clear,Daylight,Driver,85 to 89,"Automobile, Station Wagon",Following too Close, , ,Yes, , , , , ,Downsview-Roding-CFB (26),322,Following too Close
322,43.681227,-79.427661,2016-09-21T04:00:00.000Z,1735,2016,Major Arterial,Toronto and East York,Intersection,Clear,Daylight,Pedestrian,65 to 69, , ,Yes, ,Yes, , , , , ,Wychwood (94),323,Unknown
323,43.685427000000004,-79.495136,2017-12-18T05:00:00.000Z,1735,2017,Major Arterial,Etobicoke York,Mid-Block,Clear,Daylight,Pedestrian,85 to 89, , ,Yes, ,Yes, , , , , ,Mount Dennis (115),324,Unknown
324,43.816252,-79.22759599999999,2014-12-19T05:00:00.000Z,1740,2014,Minor Arterial,Scarborough,Intersection,Clear,Dark,Pedestrian,10 to 14, , ,Yes, , , , , , , ,Malvern (132),325,Unknown
325,43.651168,-79.411594,2013-12-05T05:00:00.000Z,1741,2013,Major Arterial,Toronto and East York,Intersection,Clear,"Dark, artificial",Pedestrian,90 to 94, , ,Yes, ,Yes, , , , , ,Trinity-Bellwoods (81),326,Unknown
326,43.637053,-79.436572,2014-10-09T04:00:00.000Z,1745,2014,Major Arterial,Toronto and East York,Mid-Block,Clear,Dusk,Pedestrian,80 to 84, , ,Yes, , , ,Yes, , , ,South Parkdale (85),327,Unknown
327,43.735545,-79.44269,2008-02-08T05:00:00.000Z,1749,2008,Major Arterial,North York,Intersection,Rain,Daylight,Pedestrian,20 to 24,Other, ,Yes, ,Yes, , , , , ,Clanton Park (33),328,Rain
328,43.68439,-79.383662,2018-03-28T04:00:00.000Z,1749,2018,Major Arterial,Toronto and East York,Mid-Block,Clear,Daylight,Motorcycle Driver,35 to 39,Motorcycle,Improper Passing, , ,Yes,Yes, ,Yes, , ,Rosedale-Moore Park (98),329,Speeding
329,43.741534,-79.232578,2018-11-25T05:00:00.000Z,1750,2018,Minor Arterial,Scarborough,Intersection,Clear,"Dark, artificial",Pedestrian,80 to 84, , ,Yes, ,Yes, , , , , ,Eglinton East (138),330,Unknown
330,43.655328999999995,-79.365749,2015-09-22T04:00:00.000Z,1751,2015,Major Arterial,Toronto and East York,Intersection,Clear,Daylight,Pedestrian,90 to 94, , ,Yes, ,Yes, , , , , ,Moss Park (73),331,Unknown
331,43.664706,-79.437427,2016-01-30T05:00:00.000Z,1753,2016,Major Arterial,Toronto and East York,Intersection,Clear,"Dark, artificial",Pedestrian,90 to 94, , ,Yes, ,Yes, , , , , ,Dovercourt-Wallace Emerson-Junction (93),332,Unknown
332,43.693645000000004,-79.31159,2008-10-17T04:00:00.000Z,1755,2008,Minor Arterial,Toronto and East York,Intersection,Clear,Daylight,Pedestrian,70 to 74,Other, ,Yes, ,Yes, , , , , ,Woodbine-Lumsden (60),333,Unknown
333,43.652541,-79.39986,2014-04-23T04:00:00.000Z,1755,2014,Major Arterial,Toronto and East York,Intersection,Clear,"Daylight, artificial",Pedestrian,25 to 29, , ,Yes, ,Yes, , , , , ,Kensington-Chinatown (78),334,Unknown
334,43.711352000000005,-79.592754,2015-11-03T05:00:00.000Z,1755,2015,Major Arterial,Etobicoke York,Intersection,Clear,"Dark, artificial",Cyclist,55 to 59,Bicycle, , ,Yes,Yes, , , , , ,West Humber-Clairville (1),335,Unknown
335,43.767645,-79.29229000000001,2009-11-12T05:00:00.000Z,1759,2009,Major Arterial,Scarborough,Intersection,Clear,Dusk,Pedestrian,45 to 49,Other, ,Yes, ,Yes, , , , , ,Wexford/Maryvale (119),336,Unknown
336,43.789345000000004,-79.44389,2011-08-13T04:00:00.000Z,1800,2011,Local,North York,Intersection,Clear,Daylight,Pedestrian,75 to 79,Other, ,Yes, ,Yes, , , , , ,Newtonbrook West (36),337,Unknown
337,43.779742,-79.217136,2014-11-24T05:00:00.000Z,1800,2014,Major Arterial,Scarborough,Intersection,Clear,"Dark, artificial",Driver,25 to 29,"Automobile, Station Wagon",Disobeyed Traffic Control, , ,Yes, , , ,Yes,Yes,Morningside (135),338,Alcohol
338,43.618773,-79.564426,2016-05-28T04:00:00.000Z,1800,2016,Minor Arterial,Etobicoke York,Mid-Block,Clear,Daylight,Driver,20 to 24,"Automobile, Station Wagon",Lost control, , ,Yes, , ,Yes, , ,Islington-City Centre West (14),339,Speeding
339,43.716181,-79.443141,2018-11-20T05:00:00.000Z,1804,2018,Expressway,North York,Intersection,Clear,Dark,Pedestrian,55 to 59, , ,Yes, , , , , , , ,Englemount-Lawrence (32),340,Unknown
340,43.788844,-79.240093,2013-09-05T04:00:00.000Z,1805,2013,Minor Arterial,Scarborough,Intersection,Clear,Daylight,Pedestrian,85 to 89, , ,Yes, , , ,Yes, , , ,Agincourt South-Malvern West (128),341,Unknown
341,43.651315999999994,-79.397403,2017-04-14T04:00:00.000Z,1805,2017,Major Arterial,Toronto and East York,Mid-Block,Clear,Daylight,Pedestrian,65 to 69, , ,Yes, , , , , , , ,Kensington-Chinatown (78),342,Unknown
342,43.777014,-79.31548599999999,2014-12-28T05:00:00.000Z,1809,2014,Major Arterial,Scarborough,Intersection,Clear,"Dark, artificial",Pedestrian,80 to 84, , ,Yes, , , ,Yes, , , ,Tam O'Shanter-Sullivan (118),343,Unknown
343,43.756945,-79.51989,2010-01-08T05:00:00.000Z,1810,2010,Major Arterial,Etobicoke York,Mid-Block,Clear,Dark,Pedestrian,85 to 89,Other, ,Yes, ,Yes, , , , , ,Black Creek (24),344,Unknown
344,43.803004,-79.194843,2017-08-10T04:00:00.000Z,1810,2017,Major Arterial,Scarborough,Intersection,Clear,Daylight,Driver,50 to 54,"Automobile, Station Wagon",Lost control, , ,Yes, , , , , ,Rouge (131),345,Lost control
345,43.645872999999995,-79.36342900000001,2016-07-02T04:00:00.000Z,1812,2016,Minor Arterial,Toronto and East York,Mid-Block,Clear,Daylight,Passenger,35 to 39, , , , ,Yes, , ,Yes, , ,Waterfront Communities-The Island (77),346,Speeding
346,43.734515,-79.447238,2017-05-08T04:00:00.000Z,1815,2017,Major Arterial,North York,Intersection,Clear,Daylight,Motorcycle Driver,25 to 29,Motorcycle,Driving Properly, , ,Yes,Yes, , , , ,Clanton Park (33),347,Unknown
347,43.635432,-79.44137099999999,2017-05-24T04:00:00.000Z,1815,2017,Expressway,Toronto and East York,Mid-Block,Clear,Daylight,Cyclist,5 to 9,Bicycle, , ,Yes, , , , , , ,South Parkdale (85),348,Unknown
348,43.68162,-79.52972,2018-01-07T05:00:00.000Z,1816,2018,Major Arterial,Etobicoke York,Mid-Block,Other,Daylight,Driver,85 to 89,"Automobile, Station Wagon",Driving Properly, , ,Yes, , , , ,Yes,Edenbridge-Humber Valley (9),349,Alcohol
349,43.730475,-79.27509599999999,2018-01-09T05:00:00.000Z,1817,2018,Major Arterial,Scarborough,Mid-Block,Clear,Dark,Pedestrian,70 to 74, , ,Yes, ,Yes, , , , , ,Ionview (125),350,Unknown
350,43.783128999999995,-79.202304,2018-11-12T05:00:00.000Z,1822,2018,Major Arterial,Scarborough,Mid-Block,Clear,Dark,Pedestrian,50 to 54, , ,Yes, ,Yes, , , , , ,Morningside (135),351,Unknown
351,43.682045,-79.46649000000001,2008-01-25T05:00:00.000Z,1823,2008,Minor Arterial,Toronto and East York,Intersection,Clear,Dark,Driver,75 to 79,"Automobile, Station Wagon",Failed to Yield Right of Way, , ,Yes, , ,Yes, , ,Keelesdale-Eglinton West (110),352,Speeding
352,43.670745000000004,-79.45329,2010-01-25T05:00:00.000Z,1825,2010,Minor Arterial,Toronto and East York,Intersection,Clear,Dark,Pedestrian,35 to 39,Other, ,Yes, ,Yes, , , , , ,Weston-Pellam Park (91),353,Unknown
353,43.747851000000004,-79.207637,2016-07-29T04:00:00.000Z,1825,2016,Major Arterial,Scarborough,Intersection,Clear,Daylight,Pedestrian,60 to 64, , ,Yes, ,Yes, , ,Yes, , ,Guildwood (140),354,Speeding
354,43.737645,-79.24369,2008-01-05T05:00:00.000Z,1826,2008,Major Arterial,Scarborough,Intersection,Rain,Dark,Pedestrian,30 to 34,Other, ,Yes, ,Yes, , , , , ,Eglinton East (138),355,Rain
355,43.720599,-79.611308,2016-08-05T04:00:00.000Z,1829,2016,Major Arterial,Etobicoke York,Mid-Block,Clear,Daylight,Motorcycle Driver,25 to 29,Motorcycle,Lost control, , , ,Yes,Yes,Yes, , ,West Humber-Clairville (1),356,Speeding
356,43.764189,-79.287677,2017-01-08T05:00:00.000Z,1829,2017,Major Arterial,Scarborough,Intersection,Clear,"Dark, artificial",Pedestrian,75 to 79, , ,Yes, ,Yes, , , , , ,Dorset Park (126),357,Unknown
357,43.742645,-79.30729000000001,2011-12-02T05:00:00.000Z,1830,2011,Major Arterial,Scarborough,Intersection,Clear,"Dusk, artificial",Pedestrian,65 to 69,Other, ,Yes, ,Yes, , , , , ,Wexford/Maryvale (119),358,Unknown
358,43.800383000000004,-79.299571,2018-12-07T05:00:00.000Z,1830,2018,Major Arterial,Scarborough,Intersection,Clear,Dark,Pedestrian,80 to 84, , ,Yes, ,Yes, , , , , ,L'Amoreaux (117),359,Unknown
359,43.783583,-79.255756,2016-07-06T04:00:00.000Z,1831,2016,Expressway,Scarborough,Mid-Block,Clear,Daylight,Motorcycle Driver,40 to 44,Motorcycle,Lost control, , ,Yes,Yes, ,Yes, , ,Agincourt South-Malvern West (128),360,Speeding
360,43.756312,-79.446689,2017-09-05T04:00:00.000Z,1832,2017,Local,North York,Intersection,Clear,Daylight,Pedestrian,70 to 74, , ,Yes, ,Yes, , , , , ,Bathurst Manor (34),361,Unknown
361,43.764662,-79.57332199999999,2016-03-09T05:00:00.000Z,1835,2016,Major Arterial,Etobicoke York,Mid-Block,Clear,Daylight,Motorcycle Driver,25 to 29,Motorcycle,Speed too Fast For Condition, , , ,Yes, ,Yes, , ,Humber Summit (21),362,Speeding
362,43.649045,-79.35619,2011-04-30T04:00:00.000Z,1837,2011,Expressway,Toronto and East York,Intersection,Clear,Daylight,Motorcycle Driver,25 to 29,Motorcycle,Exceeding Speed Limit, , ,Yes,Yes, ,Yes, , ,Waterfront Communities-The Island (77),363,Speeding
363,43.673945,-79.30789,2008-09-17T04:00:00.000Z,1838,2008,Major Arterial,Toronto and East York,Intersection,Clear,Daylight,Truck Driver,45 to 49,Truck - Open,Lost control, , ,Yes, ,Yes, , , ,The Beaches (63),364,Lost control
364,43.773322,-79.282741,2018-02-21T05:00:00.000Z,1838,2018,Collector,Scarborough,Mid-Block,Clear,"Dark, artificial",Pedestrian,40 to 44, , ,Yes, , , ,Yes, , , ,Dorset Park (126),365,Unknown
365,43.639426,-79.44248499999999,2013-08-23T04:00:00.000Z,1840,2013,Major Arterial,Toronto and East York,Intersection,Clear,Daylight,Pedestrian,70 to 74, , ,Yes, ,Yes, , , , , ,South Parkdale (85),366,Unknown
366,43.694125,-79.328006,2014-12-12T05:00:00.000Z,1840,2014,Minor Arterial,Scarborough,Intersection,Clear,"Dusk, artificial",Pedestrian,40 to 44, , ,Yes, ,Yes, , , , , ,Danforth East York (59),367,Unknown
367,43.695545,-79.58959,2012-09-22T04:00:00.000Z,1845,2012,Collector,Etobicoke York,Mid-Block,Clear,Daylight,Pedestrian,15 to 19,Other, ,Yes, ,Yes, , , , , ,West Humber-Clairville (1),368,Unknown
368,43.827811,-79.26276700000001,2017-12-20T05:00:00.000Z,1845,2017,Collector,Scarborough,Mid-Block,Other,Daylight,Pedestrian,55 to 59, , ,Yes, ,Yes, , , , , ,Milliken (130),369,Unknown
369,43.773146000000004,-79.283893,2013-04-13T04:00:00.000Z,1846,2013,Expressway,Scarborough,Intersection,Clear,Dusk,Cyclist,35 to 39,Bicycle, , ,Yes,Yes, , ,Yes,Yes,Yes,Dorset Park (126),370,Alcohol & Speeding
370,43.795355,-79.415706,2013-12-04T05:00:00.000Z,1847,2013,Local,North York,Intersection,Clear,"Dark, artificial",Pedestrian,75 to 79, , ,Yes, ,Yes, , , , , ,Newtonbrook East (50),371,Unknown
371,43.684645,-79.280292,2013-07-18T04:00:00.000Z,1850,2013,Collector,Scarborough,Intersection,Clear,Daylight,Pedestrian,35 to 39, , ,Yes, ,Yes, , , , , ,Birchcliffe-Cliffside (122),372,Unknown
372,43.683169,-79.472026,2018-09-18T04:00:00.000Z,1850,2018,Major Arterial,Etobicoke York,Intersection,Clear,Daylight,Motorcycle Driver,40 to 44,Motorcycle,Lost control, , ,Yes,Yes, ,Yes, , ,Keelesdale-Eglinton West (110),373,Speeding
373,43.818743,-79.215091,2013-01-10T05:00:00.000Z,1851,2013,Minor Arterial,Scarborough,Intersection,Clear,Dark,Driver,70 to 74,"Automobile, Station Wagon",Disobeyed Traffic Control, , ,Yes, , ,Yes,Yes, ,Malvern (132),374,Speeding
374,43.695372,-79.520099,2018-10-05T04:00:00.000Z,1852,2018,Major Arterial,Etobicoke York,Mid-Block,Clear,Daylight,Motorcycle Driver,45 to 49,Motorcycle,Driving Properly, , ,Yes,Yes, , , , ,Humber Heights-Westmount (8),375,Unknown
375,43.647521000000005,-79.52977299999999,2018-12-26T05:00:00.000Z,1853,2018,Major Arterial,Etobicoke York,Mid-Block,Clear,"Dark, artificial",Pedestrian,75 to 79, , ,Yes, ,Yes, , , , , ,Islington-City Centre West (14),376,Unknown
376,43.751645,-79.45669000000001,2012-07-08T04:00:00.000Z,1855,2012,Major Arterial,North York,Intersection,Clear,Daylight,Pedestrian,25 to 29,Other, ,Yes, ,Yes, , , , , ,Clanton Park (33),377,Unknown
377,43.781909000000006,-79.366107,2017-04-26T04:00:00.000Z,1857,2017,Major Arterial,North York,Intersection,Clear,Daylight,Motorcycle Driver,30 to 34,Motorcycle,Driving Properly, , ,Yes,Yes, , , , ,Don Valley Village (47),378,Unknown
378,43.754172,-79.619815,2013-09-25T04:00:00.000Z,1859,2013,Major Arterial,Etobicoke York,Intersection,Clear,"Dark, artificial",Motorcycle Driver,55 to 59,Motorcycle,Driving Properly, , ,Yes,Yes, ,Yes, , ,West Humber-Clairville (1),379,Speeding
379,43.630686,-79.427638,2018-06-02T04:00:00.000Z,1904,2018,Major Arterial,Toronto and East York,Mid-Block, ,Daylight,Motorcycle Driver,50 to 54,Motorcycle,Driving Properly, , ,Yes,Yes, , , , ,Niagara (82),380,Unknown
380,43.656863,-79.452602,2014-07-10T04:00:00.000Z,1909,2014,Minor Arterial,Toronto and East York,Mid-Block,Clear,Daylight,Pedestrian,65 to 69, , ,Yes, ,Yes, , , , , ,High Park North (88),381,Unknown
381,43.691545,-79.57079,2011-09-23T04:00:00.000Z,1912,2011,Major Arterial,Etobicoke York,Intersection,Rain,Dark,Pedestrian,75 to 79,Other, ,Yes, ,Yes, , , , , ,West Humber-Clairville (1),382,Rain
382,43.756827,-79.22932,2018-03-02T05:00:00.000Z,1914,2018,Collector,Scarborough,Intersection,Other,Dark,Pedestrian,65 to 69, , ,Yes, ,Yes, , , , , ,Woburn (137),383,Unknown
383,43.764497999999996,-79.280681,2016-01-03T05:00:00.000Z,1915,2016,Major Arterial,Scarborough,Mid-Block,Clear,"Dark, artificial",Pedestrian,35 to 39, , ,Yes, ,Yes, , ,Yes, , ,Dorset Park (126),384,Speeding
384,43.685214,-79.541393,2015-10-10T04:00:00.000Z,1919,2015,Major Arterial,Etobicoke York,Intersection,Clear,Dark,Pedestrian,20 to 24, , ,Yes, ,Yes, , ,Yes, , ,Willowridge-Martingrove-Richview (7),385,Speeding
385,43.712084000000004,-79.372058,2016-10-20T04:00:00.000Z,1922,2016,Major Arterial,North York,Intersection,Rain,Dark,Pedestrian,60 to 64, , ,Yes, ,Yes, , ,Yes, , ,Leaside-Bennington (56),386,Speeding
386,43.725833,-79.303104,2014-10-16T04:00:00.000Z,1927,2014,Major Arterial,Scarborough,Mid-Block,Rain,"Dark, artificial",Pedestrian,55 to 59, , ,Yes, ,Yes, , , , , ,Wexford/Maryvale (119),387,Rain
387,43.700666999999996,-79.427036,2016-09-30T04:00:00.000Z,1928,2016,Major Arterial,Toronto and East York,Mid-Block,Clear,Dark,Pedestrian,Over 95, , ,Yes, ,Yes, , , , , ,Humewood-Cedarvale (106),388,Unknown
388,43.793045,-79.24249,2009-06-30T04:00:00.000Z,1930,2009,Major Arterial,Scarborough,Mid-Block,Clear,Daylight,Pedestrian,70 to 74,Other, ,Yes, , , , , , , ,Agincourt South-Malvern West (128),389,Unknown
389,43.667636,-79.37889399999999,2017-03-18T04:00:00.000Z,1932,2017,Major Arterial,Toronto and East York,Mid-Block,Rain,"Dark, artificial",Pedestrian,60 to 64, , ,Yes, ,Yes, , , , , ,North St.James Town (74),390,Rain
390,43.758383,-79.267612,2018-12-04T05:00:00.000Z,1932,2018,Major Arterial,Scarborough,Mid-Block,Clear,Dark,Pedestrian,55 to 59, , ,Yes, ,Yes, , , , , ,Bendale (127),391,Unknown
391,43.684345,-79.56499000000001,2008-01-05T05:00:00.000Z,1935,2008,Local,Etobicoke York,Mid-Block,Clear,Dark,Pedestrian,75 to 79,Other, ,Yes, ,Yes, , , , , ,Willowridge-Martingrove-Richview (7),392,Unknown
392,43.716845,-79.25989,2010-12-11T05:00:00.000Z,1935,2010,Major Arterial,Scarborough,Intersection,Clear,Dark,Pedestrian,65 to 69,Other, ,Yes, , , , , , , ,Clairlea-Birchmount (120),393,Unknown
393,43.775892999999996,-79.320316,2016-01-17T05:00:00.000Z,1935,2016,Major Arterial,Scarborough,Intersection,Clear,"Dark, artificial",Pedestrian,75 to 79, , ,Yes, ,Yes, , , , , ,Tam O'Shanter-Sullivan (118),394,Unknown
394,43.760417,-79.570071,2015-03-04T05:00:00.000Z,1935,2015,Minor Arterial,Etobicoke York,Intersection,Clear,"Dark, artificial",Pedestrian,80 to 84, , ,Yes, ,Yes, , , , , ,Humber Summit (21),395,Unknown
395,43.621545000000005,-79.52429000000001,2011-08-31T04:00:00.000Z,1937,2011,Major Arterial,Etobicoke York,Intersection,Clear,"Dark, artificial",Passenger,75 to 79,Other, , , , , , , , , ,Islington-City Centre West (14),396,Unknown
396,43.734049,-79.260188,2016-10-02T04:00:00.000Z,1940,2016,Major Arterial,Scarborough,Intersection,Rain,"Dark, artificial",Pedestrian,70 to 74, , ,Yes, ,Yes, , , , , ,Kennedy Park (124),397,Rain
397,43.771440999999996,-79.455066,2013-10-05T04:00:00.000Z,1945,2013,Major Arterial,North York,Mid-Block,Clear,"Dark, artificial",Pedestrian,70 to 74, , ,Yes, ,Yes, , , , , ,Westminster-Branson (35),398,Unknown
398,43.661376000000004,-79.517581,2016-07-22T04:00:00.000Z,1948,2016,Minor Arterial,Etobicoke York,Intersection,Clear,Daylight,Motorcycle Driver,30 to 34,Motorcycle,Exceeding Speed Limit, , ,Yes,Yes, ,Yes, , ,Edenbridge-Humber Valley (9),399,Speeding
399,43.656096000000005,-79.409488,2016-11-02T04:00:00.000Z,1948,2016,Major Arterial,Toronto and East York,Mid-Block,Rain,"Dark, artificial",Pedestrian,65 to 69, , ,Yes, ,Yes, , , , , ,Trinity-Bellwoods (81),400,Rain
400,43.672945,-79.36929,2009-12-17T05:00:00.000Z,1950,2009,Major Arterial,Toronto and East York,Mid-Block,Clear,Dark,Pedestrian,60 to 64,Other, ,Yes, ,Yes, , , , , ,Cabbagetown-South St.James Town (71),401,Unknown
401,43.682852000000004,-79.35718100000001,2017-09-20T04:00:00.000Z,1953,2017,Minor Arterial,Toronto and East York,Intersection,Clear,Dark,Pedestrian,85 to 89, , ,Yes, ,Yes, , , , , ,Broadview North (57),402,Unknown
402,43.767913,-79.271098,2015-09-20T04:00:00.000Z,2000,2015,Major Arterial,Scarborough,Intersection,Clear,"Dark, artificial",Passenger,80 to 84, , , , ,Yes, , , , , ,Bendale (127),403,Unknown
403,43.687525,-79.396793,2014-09-18T04:00:00.000Z,2001,2014,Major Arterial,Toronto and East York,Mid-Block,Clear,"Dark, artificial",Pedestrian,75 to 79, , ,Yes, , , , , , , ,Yonge-St.Clair (97),404,Unknown
404,43.702868,-79.503825,2015-11-11T05:00:00.000Z,2004,2015,Major Arterial,Etobicoke York,Intersection,Clear,"Dark, artificial",Pedestrian,85 to 89, , ,Yes, ,Yes, , , , , ,Brookhaven-Amesbury (30),405,Unknown