,LATITUDE,LONGITUDE,DATE,TIME,YEAR,ACCIDENT LANE,District,INTERSECTION,VISIBILITY,LIGHT,VICTIM,VICTIM AGE,VEHTYPE,DRIVACT,PEDESTRIAN,CYCLIST,AUTOMOBILE,MOTORCYCLE,TRUCK,SPEEDING,REDLIGHT,ALCOHOL,Neighbourh,ObjectId,Cause
405,43.680995,-79.36806,2017-07-08T04:00:00.000Z,2007,2017,Major Arterial,Toronto and East York,Mid-Block,Clear,Daylight,Motorcycle Driver,35 to 39,Motorcycle,Driving Properly, , ,Yes,Yes, , , , ,Rosedale-Moore Park (98),406,Unknown
406,43.731845,-79.30559000000001,2009-09-11T04:00:00.000Z,2009,2009,Major Arterial,Scarborough,Intersection,Clear,Dark,Pedestrian,15 to 19,Other, ,Yes, ,Yes, , , , , ,Wexford/Maryvale (119),407,Unknown
407,43.594345000000004,-79.53399,2008-06-11T04:00:00.000Z,2010,2008,Major Arterial,Etobicoke York,Intersection,Clear,Dusk,Pedestrian,60 to 64,Other, ,Yes, ,Yes, , , , , ,Long Branch (19),408,Unknown
408,43.681033,-79.428859,2015-03-20T04:00:00.000Z,2010,2015,Major Arterial,Toronto and East York,Intersection,Clear,"Dark, artificial",Pedestrian,80 to 84, , ,Yes, , , , , , , ,Wychwood (94),409,Unknown
409,43.665820000000004,-79.352763,2015-04-04T04:00:00.000Z,2010,2015,Minor Arterial,Toronto and East York,Mid-Block,Rain,"Dark, artificial",Pedestrian,60 to 64, , ,Yes, , , , , , , ,North Riverdale (68),410,Rain
410,43.657778,-79.373676,2016-11-24T05:00:00.000Z,2010,2016,Local,Toronto and East York,Mid-Block,Clear,Dark,Pedestrian,70 to 74, , ,Yes, ,Yes, , , , , ,Moss Park (73),411,Unknown
411,43.733845,-79.26859,2012-12-20T05:00:00.000Z,2015,2012,Major Arterial,Scarborough,Intersection,Rain,"Dark, artificial",Pedestrian,15 to 19,Other, ,Yes, ,Yes, , , , , ,Ionview (125),412,Rain
412,43.651472999999996,-79.367008,2016-03-23T04:00:00.000Z,2015,2016,Major Arterial,Toronto and East York,Mid-Block,Freezing Rain,"Dark, artificial",Pedestrian,75 to 79, , ,Yes, ,Yes, , , , , ,Moss Park (73),413,Freezing Rain
413,43.658515,-79.35094000000001,2018-10-08T04:00:00.000Z,2015,2018,Major Arterial,Toronto and East York,Intersection,Clear,"Dusk, artificial",Cyclist,60 to 64,Bicycle, , ,Yes,Yes, , , , , ,South Riverdale (70),414,Unknown
414,43.711141999999995,-79.285129,2014-02-12T05:00:00.000Z,2017,2014,Major Arterial,Scarborough,Mid-Block,Clear,"Dark, artificial",Pedestrian,15 to 19, , ,Yes, ,Yes, , ,Yes, , ,Clairlea-Birchmount (120),415,Speeding
415,43.677645,-79.41219,2008-07-13T04:00:00.000Z,2018,2008,Local,Toronto and East York,Mid-Block,Clear,Dusk,Pedestrian,85 to 89,Other, ,Yes, ,Yes, , , , , ,Casa Loma (96),416,Unknown
416,43.673945,-79.41469000000001,2010-12-23T05:00:00.000Z,2027,2010,Major Arterial,Toronto and East York,Mid-Block,Clear,Dark,Pedestrian,40 to 44,Other, ,Yes, , , , , , , ,Casa Loma (96),417,Unknown
417,43.718745,-79.32799,2009-07-06T04:00:00.000Z,2030,2009,Expressway,North York,Mid-Block,Clear,Daylight,Passenger,20 to 24,Other, , , ,Yes, , ,Yes, , ,Flemingdon Park (44),418,Speeding
418,43.718745,-79.32799,2009-07-06T04:00:00.000Z,2030,2009,Expressway,North York,Mid-Block,Clear,Daylight,Driver,20 to 24,"Automobile, Station Wagon",Exceeding Speed Limit, , ,Yes, , ,Yes, , ,Flemingdon Park (44),419,Speeding
419,43.725945,-79.31939,2008-05-13T04:00:00.000Z,2030,2008,Major Arterial,North York,Mid-Block,Clear,Dark,Passenger,20 to 24,Other, , , ,Yes, , ,Yes, , ,Victoria Village (43),420,Speeding
420,43.725945,-79.31939,2008-05-13T04:00:00.000Z,2030,2008,Major Arterial,North York,Mid-Block,Clear,Dark,Passenger,15 to 19,Other, , , ,Yes, , ,Yes, , ,Victoria Village (43),421,Speeding
421,43.734460999999996,-79.419765,2016-05-01T04:00:00.000Z,2033,2016,Major Arterial,North York,Mid-Block,Rain,"Dark, artificial",Pedestrian,90 to 94, , ,Yes, ,Yes, , , , , ,Bedford Park-Nortown (39),422,Rain
422,43.704845,-79.56349,2010-07-13T04:00:00.000Z,2035,2010,Major Arterial,Etobicoke York,Intersection,Clear,Dark,Driver,65 to 69,"Automobile, Station Wagon",Disobeyed Traffic Control, , ,Yes, ,Yes, ,Yes, ,West Humber-Clairville (1),423,Disobeyed Traffic Control
423,43.729457000000004,-79.22742,2015-12-03T05:00:00.000Z,2038,2015,Major Arterial,Scarborough,Mid-Block,Clear,"Dark, artificial",Driver,30 to 34,"Automobile, Station Wagon",Lost control, , ,Yes, , ,Yes, , ,Cliffcrest (123),424,Speeding
424,43.750846,-79.58575,2018-11-01T04:00:00.000Z,2043,2018,Major Arterial,Etobicoke York,Intersection,Clear,Dark,Pedestrian,90 to 94, , ,Yes, ,Yes, , , , , ,Mount Olive-Silverstone-Jamestown (2),425,Unknown
425,43.765745,-79.40909,2010-10-07T04:00:00.000Z,2044,2010,Minor Arterial,North York,Mid-Block,Clear,Dark,Pedestrian,40 to 44,Other, ,Yes, ,Yes, , , , , ,Willowdale East (51),426,Unknown
426,43.634444,-79.43909000000001,2013-08-03T04:00:00.000Z,2048,2013,Expressway,Toronto and East York,Mid-Block,Clear,Dusk,Passenger,15 to 19, , , , , , ,Yes, , , ,South Parkdale (85),427,Unknown
427,43.800245000000004,-79.19909,2012-04-21T04:00:00.000Z,2050,2012,Expressway,Scarborough,Intersection,Clear,"Dark, artificial",Pedestrian,55 to 59,Other, ,Yes, ,Yes, , , , , ,Malvern (132),428,Unknown
428,43.724711,-79.302638,2015-03-27T04:00:00.000Z,2053,2015,Major Arterial,Scarborough,Intersection,Clear,"Dark, artificial",Pedestrian,55 to 59, , ,Yes, ,Yes, , , , , ,Clairlea-Birchmount (120),429,Unknown
429,43.782229,-79.29249899999999,2018-09-26T04:00:00.000Z,2053,2018,Major Arterial,Scarborough,Mid-Block,Clear,"Dark, artificial",Pedestrian,75 to 79, , ,Yes, ,Yes, , , , , ,Tam O'Shanter-Sullivan (118),430,Unknown
430,43.83705,-79.24901899999999,2017-08-27T04:00:00.000Z,2054,2017,Major Arterial,Scarborough,Mid-Block,Clear,Dark,Pedestrian,75 to 79, , ,Yes, ,Yes, , ,Yes, , ,Rouge (131),431,Speeding
431,43.728128999999996,-79.574641,2016-07-04T04:00:00.000Z,2055,2016,Major Arterial,Etobicoke York,Intersection,Clear,"Dusk, artificial",Pedestrian,70 to 74, , ,Yes, ,Yes, , ,Yes, , ,Rexdale-Kipling (4),432,Speeding
432,43.767378,-79.239131,2018-08-10T04:00:00.000Z,2055,2018,Minor Arterial,Scarborough,Intersection,Clear,Daylight,Motorcycle Driver,70 to 74,Motorcycle,Driving Properly, , ,Yes,Yes, , ,Yes, ,Woburn (137),433,Unknown
433,43.762446000000004,-79.518886,2013-04-12T04:00:00.000Z,2056,2013,Major Arterial,Etobicoke York,Mid-Block,Rain,"Dark, artificial",Pedestrian,50 to 54, , ,Yes, ,Yes, , ,Yes, , ,Black Creek (24),434,Speeding
434,43.706645,-79.42669000000001,2011-01-25T05:00:00.000Z,2058,2011,Major Arterial,North York,Mid-Block,Clear,Dark,Pedestrian,75 to 79,Other, ,Yes, ,Yes, , , , , ,Forest Hill North (102),435,Unknown
435,43.63745,-79.434711,2014-09-22T04:00:00.000Z,2059,2014,Major Arterial,Toronto and East York,Intersection,Clear,"Dark, artificial",Pedestrian,35 to 39, , ,Yes, ,Yes, , , , , ,South Parkdale (85),436,Unknown
436,43.776445,-79.17369000000001,2012-12-18T05:00:00.000Z,2100,2012,Major Arterial,Scarborough,Intersection,Clear,Dark,Pedestrian,55 to 59,Other, ,Yes, ,Yes, , , , , ,West Hill (136),437,Unknown
437,43.633544,-79.570766,2013-12-03T05:00:00.000Z,2100,2013,Major Arterial,Etobicoke York,Intersection,Clear,"Dark, artificial",Pedestrian,85 to 89, , ,Yes, ,Yes, , , , , ,Markland Wood (12),438,Unknown
438,43.802245,-79.19869,2008-12-13T05:00:00.000Z,2101,2008,Major Arterial,Scarborough,Mid-Block,Clear,Dark,Driver,30 to 34,"Automobile, Station Wagon",Improper Turn, , ,Yes, , , , , ,Rouge (131),439,Improper Turn
439,43.660933,-79.430408,2015-05-31T04:00:00.000Z,2104,2015,Major Arterial,Toronto and East York,Intersection,Rain,Dusk,Pedestrian,35 to 39, , ,Yes, ,Yes, , ,Yes, , ,Dufferin Grove (83),440,Speeding
440,43.792746,-79.284488,2013-07-03T04:00:00.000Z,2105,2013,Collector,Scarborough,Mid-Block,Clear,Dark,Motorcycle Driver,25 to 29,Motorcycle,Lost control, , ,Yes,Yes, ,Yes, , ,Agincourt South-Malvern West (128),441,Speeding
441,43.660464000000005,-79.58357600000001,2014-05-08T04:00:00.000Z,2108,2014,Minor Arterial,Etobicoke York,Mid-Block,Clear,"Dusk, artificial",Motorcycle Driver,20 to 24,Motorcycle,Exceeding Speed Limit, , ,Yes,Yes, ,Yes, , ,Eringate-Centennial-West Deane (11),442,Speeding
442,43.779645,-79.37889,2012-01-12T05:00:00.000Z,2110,2012,Local,North York,Mid-Block,Clear,"Dark, artificial",Pedestrian,80 to 84,Other, ,Yes, ,Yes, , , , , ,Bayview Village (52),443,Unknown
443,43.808852,-79.171031,2015-08-09T04:00:00.000Z,2110,2015,Collector,Scarborough,Mid-Block,Clear,"Dark, artificial",Pedestrian,35 to 39, , ,Yes, ,Yes, , , , , ,Rouge (131),444,Unknown
444,43.788653000000004,-79.4099,2016-04-09T04:00:00.000Z,2111,2016,Minor Arterial,North York,Intersection,Clear,Dark,Driver,30 to 34,"Automobile, Station Wagon",Disobeyed Traffic Control, , ,Yes, , , ,Yes, ,Newtonbrook East (50),445,Disobeyed Traffic Control
445,43.824481,-79.303623,2013-10-08T04:00:00.000Z,2115,2013,Major Arterial,Scarborough,Mid-Block,Clear,Dark,Pedestrian,80 to 84, , ,Yes, ,Yes, , , , , ,Milliken (130),446,Unknown
446,43.69047,-79.55945899999999,2015-05-27T04:00:00.000Z,2120,2015,Local,Etobicoke York,Intersection,Clear,"Dark, artificial",Driver,15 to 19,"Automobile, Station Wagon",Other, , ,Yes, , , , , ,Willowridge-Martingrove-Richview (7),447,Unknown
447,43.797845,-79.31619,2008-08-17T04:00:00.000Z,2125,2008,Major Arterial,Scarborough,Mid-Block,Clear,Dark,Pedestrian,45 to 49,Other, ,Yes, ,Yes, , , , , ,L'Amoreaux (117),448,Unknown
448,43.763490999999995,-79.30125699999999,2017-09-27T04:00:00.000Z,2125,2017,Major Arterial,Scarborough,Intersection,Clear,Dark,Pedestrian,30 to 34, , ,Yes, ,Yes, , ,Yes, , ,Wexford/Maryvale (119),449,Speeding
449,43.763490999999995,-79.30125699999999,2017-09-27T04:00:00.000Z,2125,2017,Major Arterial,Scarborough,Intersection,Clear,Dark,Pedestrian,5 to 9, , ,Yes, ,Yes, , ,Yes, , ,Wexford/Maryvale (119),450,Speeding
450,43.643445,-79.39129,2009-03-25T04:00:00.000Z,2128,2009,Minor Arterial,Toronto and East York,Intersection,Rain,Dark,Pedestrian,25 to 29,Other, ,Yes, , , ,Yes, , , ,Waterfront Communities-The Island (77),451,Rain
451,43.721343,-79.301288,2013-03-05T05:00:00.000Z,2128,2013,Major Arterial,Scarborough,Mid-Block,Clear,"Dark, artificial",Pedestrian,35 to 39, , ,Yes, ,Yes, , , , , ,Victoria Village (43),452,Unknown
452,43.788245,-79.44669,2008-02-24T05:00:00.000Z,2132,2008,Major Arterial,North York,Mid-Block,Clear,Dark,Passenger,15 to 19,Other, , , ,Yes, , , , ,Yes,Westminster-Branson (35),453,Alcohol
453,43.767646,-79.189586,2012-07-27T04:00:00.000Z,2133,2012,Major Arterial,Scarborough,Intersection,Clear,"Dusk, artificial",Cyclist,15 to 19,Bicycle, , ,Yes,Yes, , , , , ,West Hill (136),454,Unknown
454,43.829547,-79.274997,2017-09-28T04:00:00.000Z,2135,2017,Major Arterial,Scarborough,Mid-Block,Clear,"Dark, artificial",Pedestrian,70 to 74, , ,Yes, ,Yes, , , , , ,Milliken (130),455,Unknown
455,43.725703,-79.39442,2015-07-14T04:00:00.000Z,2137,2015,Local,North York,Intersection,Other,"Dark, artificial",Pedestrian,70 to 74, , ,Yes, ,Yes, , , , , ,Lawrence Park South (103),456,Unknown
456,43.742284999999995,-79.222949,2016-04-25T04:00:00.000Z,2139,2016,Major Arterial,Scarborough,Mid-Block,Rain,Dark,Pedestrian,60 to 64, , ,Yes, ,Yes, , , , , ,Scarborough Village (139),457,Rain
457,43.69625,-79.447673,2014-01-19T05:00:00.000Z,2145,2014,Major Arterial, ,Intersection,Clear,"Dark, artificial",Pedestrian,35 to 39, , ,Yes, ,Yes, , , , , ,Oakwood Village (107),458,Unknown
458,43.820227,-79.246181,2016-03-31T04:00:00.000Z,2146,2016,Major Arterial,Scarborough,Intersection,Rain,Dark,Pedestrian,55 to 59, , ,Yes, ,Yes, , , , , ,Rouge (131),459,Rain
459,43.668845000000005,-79.393192,2009-08-31T04:00:00.000Z,2150,2009,Major Arterial,Toronto and East York,Mid-Block,Clear,Dark,Pedestrian,30 to 34, , ,Yes, ,Yes, , , , , ,Bay Street Corridor (76),460,Unknown
460,43.819445,-79.24579,2008-09-08T04:00:00.000Z,2150,2008,Major Arterial,Scarborough,Mid-Block,Rain,Dark,Pedestrian,45 to 49,Other, ,Yes, ,Yes, , , , , ,Rouge (131),461,Rain
461,43.686811999999996,-79.44664300000001,2015-06-26T04:00:00.000Z,2150,2015,Major Arterial,Toronto and East York,Mid-Block,Clear,"Dark, artificial",Pedestrian,80 to 84, , ,Yes, ,Yes, , , , , ,Caledonia-Fairbank (109),462,Unknown
462,43.736445,-79.24899,2012-07-13T04:00:00.000Z,2151,2012,Major Arterial,Scarborough,Mid-Block,Clear,"Dark, artificial",Pedestrian,45 to 49,Other, ,Yes, ,Yes, , , , , ,Kennedy Park (124),463,Unknown
463,43.837934999999995,-79.245151,2018-01-07T05:00:00.000Z,2151,2018,Major Arterial,Scarborough,Intersection,Other,Dark,Pedestrian,20 to 24, , ,Yes, ,Yes, , , , , ,Rouge (131),464,Unknown
464,43.671935,-79.370654,2016-11-28T05:00:00.000Z,2153,2016,Major Arterial,Toronto and East York,Intersection,Clear,Dark,Passenger,25 to 29, , , , ,Yes, , ,Yes, , ,Cabbagetown-South St.James Town (71),465,Speeding
465,43.788445,-79.46399,2008-07-11T04:00:00.000Z,2155,2008,Major Arterial,North York,Mid-Block,Clear,Dark,Driver,30 to 34,"Automobile, Station Wagon",Lost control, , ,Yes, ,Yes,Yes, , ,Westminster-Branson (35),466,Speeding
466,43.780545000000004,-79.40669,2013-08-15T04:00:00.000Z,2201,2013,Minor Arterial,North York,Intersection,Clear,"Dark, artificial",Motorcycle Driver,20 to 24,Motorcycle,Exceeding Speed Limit, , ,Yes,Yes, ,Yes, , ,Willowdale East (51),467,Speeding
467,43.735163,-79.24737900000001,2015-05-13T04:00:00.000Z,2208,2015,Major Arterial,Scarborough,Intersection,Clear,Dark,Pedestrian,30 to 34, , ,Yes, ,Yes, , , , , ,Eglinton East (138),468,Unknown
468,43.790045,-79.35519000000001,2012-01-20T05:00:00.000Z,2214,2012,Collector,North York,Mid-Block,Snow,Dark,Driver,85 to 89,"Automobile, Station Wagon",Lost control, , ,Yes, , , , , ,Don Valley Village (47),469,Lost control
469,43.675994,-79.45193,2014-08-07T04:00:00.000Z,2214,2014,Major Arterial,Toronto and East York,Mid-Block,Clear,"Dark, artificial",Pedestrian,65 to 69, , ,Yes, , , , , , , ,Corso Italia-Davenport (92),470,Unknown
470,43.664344,-79.306186,2010-08-20T04:00:00.000Z,2215,2010,Major Arterial,Toronto and East York,Intersection,Clear,Dark,Pedestrian,15 to 19,Other, ,Yes, , , , , , , ,South Riverdale (70),471,Unknown
471,43.691545,-79.50099,2012-03-21T04:00:00.000Z,2215,2012,Major Arterial,Etobicoke York,Intersection,Clear,"Dark, artificial",Pedestrian,75 to 79,Other, ,Yes, ,Yes, , , , , ,Mount Dennis (115),472,Unknown
472,43.781508,-79.49446400000001,2017-10-31T04:00:00.000Z,2223,2017,Major Arterial,North York,Intersection,Other,Dark,Passenger,45 to 49, , , , ,Yes, , , , , ,York University Heights (27),473,Unknown
473,43.799145,-79.21289,2011-03-24T04:00:00.000Z,2225,2011,Major Arterial,Scarborough,Intersection,Clear,Dark,Pedestrian,20 to 24,Other, ,Yes, ,Yes, , ,Yes, , ,Malvern (132),474,Speeding
474,43.782145,-79.172488,2013-07-11T04:00:00.000Z,2225,2013,Minor Arterial,Scarborough,Intersection,Clear,"Dark, artificial",Pedestrian,45 to 49, , ,Yes, ,Yes, , , , , ,Centennial Scarborough (133),475,Unknown
475,43.718745,-79.51839,2008-06-24T04:00:00.000Z,2226,2008,Major Arterial,Etobicoke York,Intersection,Clear,Dark,Pedestrian,75 to 79,Other, ,Yes, ,Yes, , ,Yes, , ,Downsview-Roding-CFB (26),476,Speeding
476,43.786906,-79.311565,2011-07-01T04:00:00.000Z,2229,2011,Major Arterial,Scarborough,Mid-Block,Clear,Dark,Pedestrian,60 to 64,Other, ,Yes, ,Yes, , , , , ,L'Amoreaux (117),477,Unknown
477,43.640776,-79.438091,2016-02-18T05:00:00.000Z,2230,2016,Local,Toronto East York,Intersection,Clear,Dark,Pedestrian,70 to 74, , ,Yes, , , , , , , ,Roncesvalles (86),478,Unknown
478,43.642066,-79.377452,2016-09-01T04:00:00.000Z,2230,2016,Major Arterial,Toronto and East York,Intersection,Clear,"Dark, artificial",Motorcycle Driver,30 to 34,Motorcycle,Driving Properly, , ,Yes,Yes, , , , ,Waterfront Communities-The Island (77),479,Unknown
479,43.738906,-79.292102,2017-11-10T05:00:00.000Z,2233,2017,Major Arterial,Scarborough,Mid-Block,Clear,"Dark, artificial",Pedestrian,55 to 59, , ,Yes, ,Yes, , , , , ,Wexford/Maryvale (119),480,Unknown
480,43.726145,-79.31829,2008-10-24T04:00:00.000Z,2235,2008,Major Arterial,North York,Intersection,Rain,Dark,Pedestrian,75 to 79,Other, ,Yes, ,Yes, , , , , ,Victoria Village (43),481,Rain
481,43.711345,-79.59279000000001,2010-09-26T04:00:00.000Z,2235,2010,Major Arterial,Etobicoke York,Intersection,Clear,Dark,Passenger,25 to 29,Other, , , ,Yes, , ,Yes, ,Yes,West Humber-Clairville (1),482,Alcohol & Speeding
482,43.599005,-79.512874,2018-05-15T04:00:00.000Z,2237,2018,Major Arterial,Etobicoke York,Intersection, ,Dark,Passenger,25 to 29, , , , ,Yes, , ,Yes, ,Yes,New Toronto (18),483,Alcohol & Speeding
483,43.755545,-79.245387,2013-07-05T04:00:00.000Z,2248,2013,Major Arterial,Scarborough,Intersection,Clear,"Dark, artificial",Pedestrian,75 to 79, , ,Yes, ,Yes, , , , , ,Bendale (127),484,Unknown
484,43.667643,-79.342792,2013-10-01T04:00:00.000Z,1006,2013,Minor Arterial,Toronto and East York,Intersection,Clear,Daylight,Pedestrian,55 to 59, , ,Yes, , , ,Yes, , , ,North Riverdale (68),485,Unknown
485,43.763845,-79.24839,2010-12-18T05:00:00.000Z,2256,2010,Major Arterial,Scarborough,Mid-Block,Clear,Dark,Driver,55 to 59,"Automobile, Station Wagon",Driving Properly, , ,Yes, , , , , ,Bendale (127),486,Unknown
486,43.648545,-79.34989,2010-02-28T05:00:00.000Z,2300,2010,Local,Toronto and East York,Mid-Block,Clear,Dark,Driver,50 to 54,"Automobile, Station Wagon",Exceeding Speed Limit, , ,Yes, , ,Yes, , ,South Riverdale (70),487,Speeding
487,43.760802000000005,-79.215762,2017-07-22T04:00:00.000Z,2305,2017,Minor Arterial,Scarborough,Mid-Block,Clear,"Dark, artificial",Pedestrian,80 to 84, , ,Yes, ,Yes, , , , , ,Woburn (137),488,Unknown
488,43.651843,-79.397586,2013-06-06T04:00:00.000Z,2306,2013,Major Arterial,Toronto and East York,Intersection,Rain,"Dark, artificial",Pedestrian,75 to 79, , ,Yes, ,Yes, , , , , ,Kensington-Chinatown (78),489,Rain
489,43.702246,-79.296924,2014-08-17T04:00:00.000Z,2306,2014,Minor Arterial,North York,Intersection,Clear,"Dark, artificial",Pedestrian,60 to 64, , ,Yes, ,Yes, , , , , ,Taylor-Massey (61),490,Unknown
490,43.736334,-79.438556,2018-05-20T04:00:00.000Z,2307,2018,Major Arterial,North York,Mid-Block,Clear,"Dark, artificial",Driver,40 to 44,"Automobile, Station Wagon",Improper Lane Change, , ,Yes, , ,Yes, , ,Clanton Park (33),491,Speeding
491,43.637427,-79.41212,2015-04-01T04:00:00.000Z,2308,2015,Expressway,Toronto and East York,Mid-Block,Clear,"Dark, artificial",Motorcycle Driver,unknown,Motorcycle,Exceeding Speed Limit, , , ,Yes, ,Yes, , ,Niagara (82),492,Speeding
492,43.755549,-79.34798,2017-10-04T04:00:00.000Z,2308,2017,Major Arterial,North York,Mid-Block,Clear,Dark,Pedestrian,60 to 64, , ,Yes, ,Yes, , , , ,Yes,Banbury-Don Mills (42),493,Alcohol
493,43.637945,-79.45899,2010-09-26T04:00:00.000Z,2309,2010,Major Arterial,Toronto and East York,Intersection,Clear,Dark,Cyclist,25 to 29,Bicycle, , ,Yes,Yes, , , , , ,South Parkdale (85),494,Unknown
494,43.788287,-79.392772,2018-02-17T05:00:00.000Z,2319,2018,Major Arterial,North York,Mid-Block, ,Dark,Driver,45 to 49,"Automobile, Station Wagon",Exceeding Speed Limit, , ,Yes, , ,Yes, , ,Bayview Woods-Steeles (49),495,Speeding
495,43.674712,-79.396594,2015-06-13T04:00:00.000Z,2320,2015,Major Arterial,Toronto and East York,Intersection,Clear,"Dark, artificial",Cyclist,25 to 29,Bicycle, , ,Yes,Yes, , , , , ,Annex (95),496,Unknown
496,43.748763000000004,-79.312076,2017-08-24T04:00:00.000Z,2325,2017,Major Arterial,Scarborough,Intersection,Clear,"Dark, artificial",Pedestrian,55 to 59,"Automobile, Station Wagon", ,Yes, ,Yes, , , , , ,Wexford/Maryvale (119),497,Unknown
497,43.636344,-79.466892,2008-10-03T04:00:00.000Z,2327,2008,Expressway,Toronto and East York,Mid-Block,Clear,Dark,Motorcycle Driver,35 to 39,Motorcycle,Exceeding Speed Limit, , ,Yes,Yes, ,Yes, , ,South Parkdale (85),498,Speeding
498,43.696745,-79.50589000000001,2008-10-25T04:00:00.000Z,2329,2008,Collector,Etobicoke York,Mid-Block,Clear,Dark,Pedestrian,20 to 24,Other, ,Yes, ,Yes, , , , , ,Weston (113),499,Unknown
499,43.751868,-79.286601,2017-12-01T05:00:00.000Z,2330,2017,Major Arterial,Scarborough,Intersection,Clear,Dark,Pedestrian,65 to 69, , ,Yes, ,Yes, , , , , ,Dorset Park (126),500,Unknown
500,43.682341,-79.328265,2015-12-30T05:00:00.000Z,2339,2015,Major Arterial,Toronto and East York,Intersection,Clear,"Dark, artificial",Pedestrian,60 to 64, , ,Yes, ,Yes, , , , , ,Greenwood-Coxwell (65),501,Unknown
501,43.814105,-79.213535,2018-04-21T04:00:00.000Z,2341,2018,Minor Arterial,Scarborough,Mid-Block,Clear,"Dark, artificial",Driver,25 to 29,"Automobile, Station Wagon",Lost control, , ,Yes, , ,Yes, , ,Malvern (132),502,Speeding
502,43.780945,-79.27089000000001,2012-08-25T04:00:00.000Z,2350,2012,Local,Scarborough,Mid-Block,Clear,"Dark, artificial",Driver,20 to 24,"Automobile, Station Wagon",Lost control, , ,Yes, , ,Yes, , ,Agincourt South-Malvern West (128),503,Speeding
503,43.759245,-79.50789,2009-10-17T04:00:00.000Z,2352,2009,Major Arterial,Etobicoke York,Intersection,Clear,Dark,Passenger,60 to 64,Other, , , ,Yes, , ,Yes, ,Yes,Glenfield-Jane Heights (25),504,Alcohol & Speeding
504,43.759245,-79.50789,2009-10-17T04:00:00.000Z,2352,2009,Major Arterial,Etobicoke York,Intersection,Clear,Dark,Passenger,40 to 44,Other, , , ,Yes, , ,Yes, ,Yes,Glenfield-Jane Heights (25),505,Alcohol & Speeding
505,43.759245,-79.50789,2009-10-17T04:00:00.000Z,2352,2009,Major Arterial,Etobicoke York,Intersection,Clear,Dark,Passenger,20 to 24,Other, , , ,Yes, , ,Yes, ,Yes,Glenfield-Jane Heights (25),506,Alcohol & Speeding
506,43.688479,-79.583987,2018-05-04T04:00:00.000Z,2354,2018,Major Arterial,Etobicoke York,Mid-Block, ,Dark,Pedestrian,60 to 64, , ,Yes, ,Yes, , , , , ,West Humber-Clairville (1),507,Unknown